c,dist,rho,util_diff_mean,rtt_ratio_mean
8.0,det,1.3,0.12086666666666668,1.2354999999999998
8.0,det,2.7,0.042166666666666686,1.2313
8.0,det,4.3,0.02166666666666665,1.2523
8.0,exp,1.3,0.10906666666666665,1.2937940158625636
8.0,exp,2.7,0.03786666666666664,1.2344688934027375
8.0,exp,4.3,0.013766666666666668,1.2010356117439651
8.0,ln05,1.3,0.11593333333333333,1.2507983909152396
8.0,ln05,2.7,0.04103333333333333,1.238279523753606
8.0,ln05,4.3,0.021266666666666656,1.2668119601962842
8.0,ln1,1.3,0.1336333333333333,1.5602950205491757
8.0,ln1,2.7,0.05796666666666669,1.6943043723167452
8.0,ln1,4.3,0.03453333333333338,1.8439456399040466
8.0,ln15,1.3,0.11736666666666673,2.2178342597276792
8.0,ln15,2.7,0.05230000000000001,1.8133584096376472
8.0,ln15,4.3,0.031399999999999983,1.8068984261840138
8.0,par25,1.3,0.11070000000000006,1.2363128125780751
8.0,par25,2.7,0.03753333333333331,1.2188282385181615
8.0,par25,4.3,0.015400000000000044,1.2610907628611265
32.0,det,1.3,0.04013333333333332,1.1049333333333333
32.0,det,2.7,-0.005966666666666676,1.1056333333333332
32.0,det,4.3,-0.012666666666666678,1.0966333333333333
32.0,exp,1.3,0.045866666666666646,1.1796723273425125
32.0,exp,2.7,-0.003333333333333336,1.1330045958243895
32.0,exp,4.3,-0.0161666666666667,1.1197278755056497
32.0,ln05,1.3,0.04209999999999999,1.1232258074423829
32.0,ln05,2.7,-0.0034000000000000328,1.1137280286106237
32.0,ln05,4.3,-0.011366666666666672,1.1100013870868646
32.0,ln1,1.3,0.03986666666666668,1.1443495288858092
32.0,ln1,2.7,-0.013000000000000048,1.1077825871008202
32.0,ln1,4.3,-0.020733333333333343,1.108244066408349
32.0,ln15,1.3,0.01353333333333336,1.1360162473244828
32.0,ln15,2.7,-0.024833333333333336,1.272329394538186
32.0,ln15,4.3,-0.041500000000000016,1.3032352517875296
32.0,par25,1.3,0.04533333333333334,1.1405037022711648
32.0,par25,2.7,-0.007133333333333325,1.112551043204
32.0,par25,4.3,-0.01726666666666669,1.117014661232458
128.0,det,1.3,0.0013666666666666643,1.0866999999999998
128.0,det,2.7,-0.015666666666666645,1.0927
128.0,det,4.3,-0.017900000000000027,1.0926
128.0,exp,1.3,0.004600000000000011,1.1321823718835688
128.0,exp,2.7,-0.013400000000000042,1.1177872860067766
128.0,exp,4.3,-0.0185333333333334,1.1111759962306431
128.0,ln05,1.3,0.001866666666666646,1.0910783820908871
128.0,ln05,2.7,-0.013800000000000071,1.0980008301235533
128.0,ln05,4.3,-0.016033333333333417,1.0974000927719025
128.0,ln1,1.3,0.0008000000000000229,1.1454168059498766
128.0,ln1,2.7,-0.01466666666666668,1.1178322811181949
128.0,ln1,4.3,-0.011600000000000055,1.167128700066056
128.0,ln15,1.3,-0.0962,1.220193134846889
128.0,ln15,2.7,-0.11720000000000001,1.1030880487064534
128.0,ln15,4.3,-0.2472333333333334,1.0680696520212034
128.0,par25,1.3,0.006300000000000046,1.1224603356666805
128.0,par25,2.7,-0.013066666666666671,1.1076483526494594
128.0,par25,4.3,-0.019000000000000055,1.096660718695657
