scenario,ctl,seed,util0,lat0,limc0,xrej0,util1,lat1,limc1,xrej1,util2,lat2,limc2,xrej2,settle1,tlat1,tutil1,settle2,tlat2,tutil2
cap,vegas,1,0.09426822916666668,1.0020608993618607,0.09479166666666666,0.45288798144411957,0.1891625,0.9999940228859667,0.190625,0.20268557892150596,0.094563127090301,0.9991530498574239,0.09448160535117058,0.4527153971539768,inf,1.0675700000000001,0.19039583333333338,inf,1.11626,0.09491666666666664
cap,vegas,2,0.0942125,1.0033289310512583,0.094375,0.4529193623573009,0.18910625,1.0005553966575227,0.18989583333333335,0.2027391049790005,0.09432274247491639,1.0020231716492334,0.09536998327759197,0.45280999812281597,inf,1.06353,0.19070833333333337,inf,1.06651,0.09330729166666667
cap,vegas,3,0.09505260416666667,0.9952134285839529,0.09546875,0.4525326859434058,0.18867604166666668,1.0029385567744535,0.18989583333333335,0.20285470955758722,0.09477320234113712,0.9972619632991101,0.09469063545150502,0.452614836326962,inf,1.05735,0.1891770833333333,inf,1.0666600000000002,0.09568750000000001
cap,vegasW,1,0.998009375,1.0505462049089385,1.0639583333333333,0.0012289808868288787,1.0003791666666666,1.222444243151555,1.2334375,-0.00021892279822022243,0.9970704431438129,1.0350743724665803,1.0474498327759196,0.001432470837120059,17.0,2.1098299999999997,0.9962083333333334,17.0,1.01921,0.8358437500000001
cap,vegasW,2,0.9981286458333333,1.0520271608797087,1.0655729166666668,0.0012070256571360405,1.0001968749999999,1.20810967375173,1.21875,3.3387369239301634e-05,0.997656772575251,1.0291222322320905,1.0420673076923077,0.0008685244339819986,17.0,2.12191,0.9962291666666665,7.0,1.0325,0.9079843749999997
cap,vegasW,3,0.9984479166666667,1.0460882472118183,1.0598958333333333,0.0013961816201324417,0.9997447916666666,1.1966611356648311,1.2067708333333333,0.0001894879971847674,0.997844377090301,1.0371170619306351,1.0503239966555185,0.001089934274729254,15.0,2.08372,0.9966562499999998,16.0,1.02065,0.8152499999999999
cap,g2,1,0.3201848958333333,0.9988760145586454,0.32203125,0.3399823416152997,0.6399489583333333,0.9999882160849417,0.6473958333333333,0.0899345407154718,0.31933894230769233,1.001388138006536,0.3228469899665552,0.34031974254197983,inf,1.0350199999999998,0.6444166666666667,inf,1.06222,0.3180677083333333
cap,g2,2,0.31926197916666665,1.0014498083959915,0.32348958333333333,0.3404558041211435,0.6392864583333333,1.0007376554100846,0.6447916666666667,0.09023082972754082,0.319241220735786,1.0018262866426584,0.32342182274247494,0.3402822259951821,inf,1.03734,0.6385312500000001,inf,1.05027,0.321859375
cap,g2,3,0.3197713541666667,1.0000136746959496,0.324375,0.3403112070104547,0.639496875,1.0001385809645278,0.6467708333333333,0.09020513637409511,0.3202147784280936,0.9989157188668376,0.323003762541806,0.33989710748714175,inf,1.0565799999999999,0.6357812499999999,inf,1.05739,0.3207395833333333
cap,g2W,1,0.9993192708333334,2.972694490296259,2.9868229166666667,0.0005496120179051545,1.000071875,8.4445107782149,8.459791666666666,-0.00017436963131078898,0.9990050167224079,10.914318472372177,10.925010451505017,0.0004029314175190146,inf,7.3780600000000005,0.9952083333333335,inf,5.6757,1.0029739583333335
cap,g2W,2,0.9990057291666669,2.982772768924936,2.9959375,0.000743475749780953,0.9994,8.461941257712962,8.471979166666667,0.00019817648992925818,1.0001985785953176,10.923097216078538,10.946854096989966,-0.0004661586591781508,inf,7.14969,0.9972604166666666,inf,5.68686,1.0034166666666668
cap,g2W,3,0.9997182291666666,2.970111095548277,2.9853645833333333,0.0007368447335758255,0.9994833333333333,8.43468389605463,8.445208333333333,0.00022072228243497083,0.9996989966555184,10.92872462633506,10.946854096989966,0.00010020131711818703,inf,7.26138,0.9971875000000001,inf,5.7463500000000005,0.9993541666666668
cap,envoy,1,0.9947270833333335,1.179660777888198,1.1905729166666668,0.002868316188162745,0.9673593750000001,1.2136805609988532,1.1804166666666667,0.008034616507964443,0.9963043478260869,1.3482393140147955,1.3657504180602007,0.0018189400761022823,1.0,1.33164,0.9920208333333332,1.0,1.3073700000000001,0.9947812500000001
cap,envoy,2,0.9957171875,1.3155431303912537,1.32421875,0.0024134006265862373,0.8501427083333333,1.3006353425344028,1.1139583333333334,0.03753762099179103,0.9963080058528427,1.3980223246045838,1.3953804347826086,0.0015545593872536845,1.0,1.38346,0.9966979166666666,1.0,1.32932,0.9969270833333336
cap,envoy,3,0.9473635416666665,1.2342293049405753,1.1746875,0.026910568429025172,0.9885989583333332,1.2332537292569978,1.2385416666666667,0.0029735039558221876,0.9328349707357861,1.2720577337509447,1.203804347826087,0.03360114650164148,1.0,1.29222,0.9941875,1.0,1.46194,0.9985677083333334
cap,failsafe,1,0.8614109375,1.0741220964635902,0.9377083333333334,0.06931417671911522,0.8772677083333333,1.2519199668715721,1.1066666666666667,0.030562954794824293,0.8342934782608696,1.0433897195810347,0.8820547658862876,0.08286566504351212,164.0,2.61235,0.9958750000000001,40.0,1.04177,0.4509270833333333
cap,failsafe,2,0.8495291666666667,1.05784518262567,0.9105208333333333,0.07509307228546869,0.8796979166666665,1.2450077934068278,1.1035416666666666,0.030079510292431832,0.8814266304347825,1.0659223037496932,0.9527591973244147,0.05956736014171349,inf,2.24572,1.0021250000000002,36.0,1.04283,0.5293333333333333
cap,failsafe,3,0.8720052083333333,1.0779335336001197,0.9524479166666666,0.06411996027184885,0.854471875,1.1452579108440522,0.9871875,0.03617982899495309,0.8858141722408028,1.0912052653894122,0.9796718227424749,0.057213922550795826,inf,1.73718,0.99678125,24.0,1.02454,0.7131302083333334
cap,delta,1,0.9781473958333333,1.119136106441652,1.10046875,0.01115583550527477,0.9754510416666666,1.1114576012272102,1.0935416666666666,0.006017738934595673,0.9769727215719065,1.1177843666259257,1.1117788461538463,0.01148119365950051,2.0,2.34922,0.9791562500000001,1.0,1.23834,0.9654427083333336
cap,delta,2,0.9777786458333333,1.1166397818822957,1.1103645833333333,0.011369726208841024,0.9770145833333334,1.1229031966215106,1.1053125,0.005828080951288839,0.9795338628762542,1.1184188546688176,1.1065008361204014,0.009929989923861626,2.0,2.32277,0.99003125,1.0,1.19687,0.9676197916666668
cap,delta,3,0.9758968750000001,1.1078323805719312,1.103125,0.012653806259512956,0.9774114583333333,1.1184084129103764,1.1096875,0.0057707944856910665,0.9772345317725752,1.1122122838383859,1.1029995819397993,0.011390420649571076,4.0,2.66777,0.9754374999999998,1.0,1.18438,0.9593541666666666
cap,static,1,0.9840979166666667,1.001217499015596,1.0,0.008181449273400698,1.0001364583333334,1.9893042002185115,2.0,-0.00015691312731702656,0.9842067307692307,1.00107292262095,1.0,0.007865001774256974,inf,2.08736,0.9987916666666666,1.0,1.02421,0.9861874999999999
cap,static,2,0.9841828124999998,1.0011096491643077,1.0,0.008176151046995539,0.999921875,1.9897484638279033,2.0,0.00010211458545117402,0.9853177257525084,0.9999660949380113,1.0,0.007042054674684994,inf,2.07769,0.9981041666666666,1.0,1.03027,0.9913177083333333
cap,static,3,0.9848796875000001,1.0004009423687008,1.0,0.00817135580471351,0.9996489583333334,1.990280342526491,2.0,0.0002134342825432789,0.9849623745819399,1.0002951338851795,1.0,0.007530253089976124,inf,2.12465,0.9954583333333334,1.0,1.01932,0.9846302083333334
cap,deltaAny,1,0.9781473958333333,1.119136106441652,1.10046875,0.01115583550527477,0.9754510416666666,1.1114576012272102,1.0935416666666666,0.006017738934595673,0.9769727215719065,1.1177843666259257,1.1117788461538463,0.01148119365950051,2.0,2.34922,0.9791562500000001,1.0,1.23834,0.9654427083333336
cap,deltaAny,2,0.9777786458333333,1.1166397818822957,1.1103645833333333,0.011369726208841024,0.9770145833333334,1.1229031966215106,1.1053125,0.005828080951288839,0.9795338628762542,1.1184188546688176,1.1065008361204014,0.009929989923861626,2.0,2.32277,0.99003125,1.0,1.19687,0.9676197916666668
cap,deltaAny,3,0.9758968750000001,1.1078323805719312,1.103125,0.012653806259512956,0.9774114583333333,1.1184084129103764,1.1096875,0.0057707944856910665,0.9772345317725752,1.1122122838383859,1.1029995819397993,0.011390420649571076,4.0,2.66777,0.9754374999999998,1.0,1.18438,0.9593541666666666
slow,vegas,1,0.09426822916666668,1.0020608993618607,0.09479166666666666,0.45288798144411957,0.09442291666666668,1.0060192406725064,0.09489583333333333,0.2263826528206193,0.09476693143812709,0.9983948378238285,0.09521321070234114,0.4526134884297015,inf,1.1093199999999999,0.09426041666666667,inf,1.09057,0.09491145833333334
slow,vegas,2,0.0942125,1.0033289310512583,0.094375,0.4529193623573009,0.094715625,1.0032903488512763,0.09526041666666667,0.22632894095264777,0.09414088628762542,1.0039608010080598,0.09521321070234114,0.4529009814169236,inf,1.0790250000000001,0.09583333333333335,inf,1.09209,0.09514583333333335
slow,vegas,3,0.09505260416666667,0.9952134285839529,0.09546875,0.4525326859434058,0.09548958333333334,0.9941748668593868,0.09447916666666667,0.22613960892592577,0.09457775919732442,0.9996120497944571,0.09631061872909699,0.45271229419211223,inf,1.131065,0.09579166666666669,inf,1.09489,0.094046875
slow,vegasW,1,0.998009375,1.0505462049089385,1.0639583333333333,0.0012289808868288787,0.9995854166666667,1.0238777914854285,1.0286458333333333,-1.908490921709305e-05,0.9981636705685619,1.0559571288046716,1.0695547658862876,0.000886083292352069,60.0,1.066635,0.8256979166666666,1.0,1.12287,1.0010260416666668
slow,vegasW,2,0.9981286458333333,1.0520271608797087,1.0655729166666668,0.0012070256571360405,0.9988572916666667,1.0270866917717434,1.03109375,0.00036869287863683375,0.9997240802675585,1.0651018298840818,1.0803720735785953,-0.00016601836712176743,72.0,1.05248,0.8259583333333332,1.0,1.11225,1.003036458333333
slow,vegasW,3,0.9984479166666667,1.0460882472118183,1.0598958333333333,0.0013961816201324417,0.85310625,1.0004381964499829,0.8577083333333333,0.03683042802423364,0.999684364548495,1.06943748029792,1.0846571906354514,0.00016996338144825707,inf,1.06569,0.7972395833333334,1.0,1.08032,0.9848541666666666
slow,g2,1,0.3201848958333333,0.9988760145586454,0.32203125,0.3399823416152997,0.322409375,0.998760867378753,0.3198958333333333,0.16935772571455077,0.31953334030100333,1.000694620980311,0.32363085284280935,0.34022201468844415,inf,1.059625,0.3249166666666667,inf,1.0484,0.32021874999999994
slow,g2,2,0.31926197916666665,1.0014498083959915,0.32348958333333333,0.3404558041211435,0.3215135416666666,1.0008444909655827,0.32286458333333334,0.16964851235514888,0.3199430392976589,0.9998885696365658,0.321383779264214,0.3399316265773705,inf,1.0399749999999999,0.3220833333333334,inf,1.04488,0.31980729166666666
slow,g2,3,0.3197713541666667,1.0000136746959496,0.324375,0.3403112070104547,0.3219,0.9999374964565859,0.32223958333333336,0.16956546862359878,0.3192940008361204,1.00135198723079,0.3221676421404682,0.34035643973093266,inf,1.08053,0.3205104166666667,inf,1.05314,0.3194375
slow,g2W,1,0.9993192708333334,2.972694490296259,2.9868229166666667,0.0005496120179051545,1.000090625,4.223335709779427,4.230989583333334,-0.00017905943835394567,0.9990050167224079,10.917691593799432,10.928145903010034,0.00040267011309780276,inf,3.597495,0.9963645833333334,inf,5.69813,1.0011770833333336
slow,g2W,2,0.9990057291666669,2.982772768924936,2.9959375,0.000743475749780953,0.9994072916666666,4.229923463099483,4.23484375,0.00019713516847152945,1.0001954431438127,10.920078947498764,10.943770903010034,-0.0004640670891986609,inf,3.6170999999999998,0.9982500000000002,inf,5.83041,1.0016354166666666
slow,g2W,3,0.9997182291666666,2.970111095548277,2.9853645833333333,0.0007368447335758255,0.9994802083333334,4.218580856377429,4.22390625,0.00022150313956625922,0.9996979515050168,10.928607680392595,10.946854096989966,0.00010098516053769213,inf,3.5035,0.9984062499999999,inf,5.75377,0.9977031249999998
slow,envoy,1,0.9947270833333335,1.179660777888198,1.1905729166666668,0.002868316188162745,0.9938406249999999,1.2900876786603317,1.2847395833333333,0.0014196436736717555,0.9955298913043478,1.3671829253886785,1.3764632107023411,0.002202273662029852,3.0,1.39439,0.9267187500000001,56.0,2.08956,1.0007760416666667
slow,envoy,2,0.9957171875,1.3155431303912537,1.32421875,0.0024134006265862373,0.8371895833333333,1.2420580172377325,1.04625,0.04078732493108406,0.9858282817725751,1.2218396315149742,1.2242892976588629,0.006788974707167106,66.0,1.6953099999999999,0.9258958333333334,114.0,1.63884,0.9993541666666665
slow,envoy,3,0.9473635416666665,1.2342293049405753,1.1746875,0.026910568429025172,0.9871520833333333,1.2732561546578647,1.269375,0.0033363422361457618,0.9923594272575251,1.3567985923383037,1.351013795986622,0.0038315572747854576,3.0,1.47681,0.9240312500000002,58.0,2.23835,0.9978541666666667
slow,failsafe,1,0.8614109375,1.0741220964635902,0.9377083333333334,0.06931417671911522,0.8241770833333334,1.0529074194904007,0.8723958333333334,0.04383442374220825,0.8259923704013378,1.0577447089209986,0.8844586120401338,0.08702366485591362,1.0,1.30362,0.9962395833333332,111.0,1.8649200000000001,0.9976718750000001
slow,failsafe,2,0.8495291666666667,1.05784518262567,0.9105208333333333,0.07509307228546869,0.8665104166666666,1.0754130025966218,0.9365625,0.03336648432320155,0.8695688754180602,1.0836692878816014,0.95500627090301,0.0654968094089926,19.0,1.041165,0.9007604166666666,75.0,1.03514,0.8056406249999999
slow,failsafe,3,0.8720052083333333,1.0779335336001197,0.9524479166666666,0.06411996027184885,0.8589031250000001,1.0605929754883592,0.9152083333333333,0.03507070992483019,0.9043128135451505,1.100868222587436,1.0089882943143813,0.047966127727868346,59.0,1.03721,0.6774791666666665,73.0,1.06514,0.4483541666666666
slow,delta,1,0.9781473958333333,1.119136106441652,1.10046875,0.01115583550527477,0.9772104166666667,1.112462113344533,1.1053125,0.005576636527708567,0.9798824205685618,1.128353801785822,1.1210284280936456,0.010030170208473854,1.0,1.184215,0.9685208333333335,1.0,1.35597,0.9799218749999999
slow,delta,2,0.9777786458333333,1.1166397818822957,1.1103645833333333,0.011369726208841024,0.9773520833333331,1.113010924745646,1.10140625,0.005735924002277404,0.9778684155518393,1.1172347661535156,1.1080685618729098,0.01077184684060506,1.0,1.29482,0.98553125,1.0,1.2059900000000001,0.9789270833333333
slow,delta,3,0.9758968750000001,1.1078323805719312,1.103125,0.012653806259512956,0.9795114583333334,1.1239785697748983,1.1051041666666668,0.005246058493487138,0.9790499581939799,1.1171133067023928,1.0996551003344481,0.010486126624678738,1.0,1.4735900000000002,0.9750729166666667,1.0,1.30481,0.9795312500000001
slow,static,1,0.9840979166666667,1.001217499015596,1.0,0.008181449273400698,0.9950583333333335,0.999827443397372,1.0,0.0011129824020201795,0.9842532399665551,1.0010160292163337,1.0,0.007841745680768564,1.0,1.051975,0.9940833333333331,1.0,1.01921,0.9856874999999998
slow,static,2,0.9841828124999998,1.0011096491643077,1.0,0.008176151046995539,0.9949083333333332,0.9999574642764408,1.0,0.0013553449598610046,0.9853840928093646,0.9998679067166375,1.0,0.0070080666625184085,1.0,1.0353350000000001,0.9936458333333335,1.0,1.0217100000000001,0.9894843749999999
slow,static,3,0.9848796875000001,1.0004009423687008,1.0,0.00817135580471351,0.9947239583333334,1.0001354980181898,1.0,0.0014440651214024935,0.9849200459866221,1.0003564023795286,1.0,0.007552461986860215,1.0,1.06904,0.9904062499999999,1.0,1.04843,0.9830885416666667
slow,deltaAny,1,0.9781473958333333,1.119136106441652,1.10046875,0.01115583550527477,0.9772104166666667,1.112462113344533,1.1053125,0.005576636527708567,0.9798824205685618,1.128353801785822,1.1210284280936456,0.010030170208473854,1.0,1.184215,0.9685208333333335,1.0,1.35597,0.9799218749999999
slow,deltaAny,2,0.9777786458333333,1.1166397818822957,1.1103645833333333,0.011369726208841024,0.9773520833333331,1.113010924745646,1.10140625,0.005735924002277404,0.9778684155518393,1.1172347661535156,1.1080685618729098,0.01077184684060506,1.0,1.29482,0.98553125,1.0,1.2059900000000001,0.9789270833333333
slow,deltaAny,3,0.9758968750000001,1.1078323805719312,1.103125,0.012653806259512956,0.9795114583333334,1.1239785697748983,1.1051041666666668,0.005246058493487138,0.9790499581939799,1.1171133067023928,1.0996551003344481,0.010486126624678738,1.0,1.4735900000000002,0.9750729166666667,1.0,1.30481,0.9795312500000001
load,vegas,1,0.09163281250000002,1.0029351424673885,0.09614583333333333,0.816478017731018,0.09459322916666667,0.9995991454087954,0.09447916666666667,0.45272218573499545,0.0919559991638796,0.9994287114061159,0.09573578595317726,0.8160224327441113,inf,1.0903800000000001,0.09460937500000001,inf,1.08369,0.09146875
load,vegas,2,0.09168645833333335,1.003220446494507,0.09515625,0.8167747764251336,0.09464114583333334,1.0000791634518549,0.09505208333333333,0.4527241790648696,0.09178772993311037,1.001862671581884,0.09578804347826086,0.8164400798009366,inf,1.09053,0.0946875,inf,1.119,0.09100000000000001
load,vegas,3,0.09242135416666665,0.9953821698628902,0.09645833333333333,0.8154959335053786,0.09436666666666667,1.0024543428227657,0.0959375,0.45285731235292714,0.09219115802675586,0.996565616068746,0.09427257525083613,0.8156444663661947,inf,1.08932,0.09521354166666665,inf,1.0853300000000001,0.09201041666666668
load,vegasW,1,0.4992911458333333,0.9982883591111982,1.890625,0.0,0.9902796875000002,1.0052416959013577,1.0104166666666667,0.0050569734379063425,0.4998197115384616,0.9990548669618537,1.2072010869565217,0.0,10.0,1.81815,1.0020885416666667,1.0,1.02667,0.5004375
load,vegasW,2,0.500390625,1.0013024291543067,1.875,0.0,0.9963234375000002,1.020867856635411,1.0323958333333334,0.0023091422572643072,0.5000402382943144,0.9995706375741082,1.2522470735785953,0.0,9.0,1.8197199999999998,0.999046875,1.0,1.02335,0.500390625
load,vegasW,3,0.5009234375000001,0.9994973059963211,1.9375,0.0,0.9921557291666666,1.0101749772459907,1.01734375,0.004351692749936742,0.500067412207358,0.9994334394714761,1.305079431438127,0.0,10.0,1.89738,1.0001510416666668,1.0,1.02846,0.5021979166666666
load,g2,1,0.29955208333333333,0.9991306521890323,0.32234375,0.40005361656230215,0.3197072916666666,1.0007958548509541,0.3233333333333333,0.3402104163266326,0.2992976588628763,1.0007317495844508,0.3199205685618729,0.40118917799926607,inf,1.0446300000000002,0.31954687499999995,inf,1.05875,0.3000260416666667
load,g2,2,0.29913802083333335,1.0011552647798798,0.32114583333333335,0.40219536363182173,0.31949843750000007,1.001026828508877,0.32125,0.34040185917757537,0.2991090091973244,1.0014400899410352,0.32185409698996653,0.4018336658372358,inf,1.06174,0.3181510416666667,inf,1.05239,0.2990989583333333
load,g2,3,0.2995057291666667,0.9997778634068979,0.3230208333333333,0.4020859630553089,0.31982239583333333,0.9998472945596435,0.3215104166666667,0.340227177875864,0.2997773829431438,0.9990589624930708,0.3216450668896321,0.4005291873358699,inf,1.0461399999999998,0.31802604166666665,inf,1.0634000000000001,0.2993229166666667
load,g2W,1,0.4992932291666667,0.9979563406607047,1.8043229166666668,0.0,1.0002541666666667,3.422958348523917,3.44125,4.3342139727231555e-05,0.49982023411371246,0.9989909134032302,4.375,0.0,inf,1.82486,0.9998489583333332,1.0,1.4193500000000001,0.5015677083333334
load,g2W,2,0.5003963541666667,1.001110000322661,1.8227604166666667,0.0,0.9998312500000001,3.4335609677622685,3.450364583333333,0.0005290564790881858,0.5000428511705686,0.9996077770404292,4.375,0.0,inf,1.80884,0.9990520833333334,1.0,1.43906,0.5014635416666666
load,g2W,3,0.5009177083333333,0.9995685182924673,1.8228125,0.0,1.0003505208333332,3.4251833065961774,3.44359375,0.0002302689437185812,0.5000689799331104,0.9995019575058626,4.375,0.0,inf,1.8179400000000001,1.0010833333333333,1.0,1.36432,0.5032604166666668
load,envoy,1,0.49763177083333326,0.9978210431700985,15.04953125,0.0033306942301694347,0.9969911458333333,1.3370082936993235,1.35296875,0.0016997147228172693,0.4887709030100335,0.9990677521083873,12.23061245819398,0.022101313281593878,1.0,2.7363299999999997,0.999322916666667,1.0,1.0308199999999998,0.49745312500000005
load,envoy,2,0.4987557291666667,1.0012064824652183,15.379947916666667,0.0032703548886705413,0.9967942708333334,1.2074250674427656,1.2303645833333334,0.00207602959177966,0.4986559364548495,0.9995980237741924,13.201191471571907,0.002779864998887009,1.0,3.02196,0.9969270833333334,1.0,1.0554000000000001,0.5003854166666667
load,envoy,3,0.49936510416666663,0.9995521113789281,15.38265625,0.003115115797879309,0.9967421875,1.2864670055414906,1.2963020833333334,0.0020622730484902707,0.4983821070234114,0.9992037174741848,15.308580685618729,0.0033774357613181195,1.0,2.92603,0.9955156249999999,1.0,1.03891,0.5022031249999999
load,failsafe,1,0.49940416666666665,0.999810975787814,3.9775520833333333,0.0,0.8959031249999998,1.0413591497987948,0.9458854166666667,0.052024772026777355,0.49985576923076924,0.9993272523533128,3.983591137123746,0.0,242.0,3.98521,1.0000520833333335,1.0,1.03944,0.5025520833333333
load,failsafe,2,0.49952395833333335,1.0013952332116203,3.98171875,0.0,0.8986520833333335,1.069892425525034,0.97421875,0.051077882560171095,0.5010822533444815,1.0016639799305642,3.9862040133779266,0.0,258.0,4.02125,1.0013958333333333,1.0,1.02651,0.50071875
load,failsafe,3,0.49965104166666663,1.0024942159528005,3.9965104166666667,0.0,0.9023020833333332,1.0840838131284563,0.9911458333333333,0.04874001479010581,0.49990593645484954,1.001143282086931,3.9757002508361206,0.0,225.0,4.06631,1.0000572916666668,1.0,1.03637,0.5005833333333334
load,delta,1,0.4983682291666667,0.9981868183875084,0.8046875,0.001859889700091482,0.9770796875,1.1122182049399971,1.0964583333333333,0.011655391202508802,0.4998197115384615,0.998664470194625,1.086329431438127,0.0,1.0,1.40804,0.9789947916666668,1.0,1.03941,0.500453125
load,delta,2,0.4998057291666667,1.0012975509234319,0.8236979166666667,0.0011813662630939098,0.9798109374999999,1.1195192801013376,1.1159895833333333,0.010557584161867584,0.5000355351170569,1.0003122176935586,1.122282608695652,0.0,1.0,1.25817,0.973828125,1.0,1.0503500000000001,0.500390625
load,delta,3,0.49996718749999997,0.9995285556135455,0.813125,0.0019152347462261974,0.9772125000000002,1.1079864908636812,1.1002604166666667,0.011814488053595196,0.5000668896321071,0.9992366328501203,1.1246341973244147,0.0,1.0,1.3117100000000002,0.9750781249999999,1.0,1.0286,0.5022291666666667
load,static,1,0.499296875,0.998362796891462,1.0,0.0,0.9853395833333334,0.9999501068846823,1.0,0.007526564306329253,0.49982127926421416,0.9992022971944404,1.0,0.0,1.0,1.0266600000000001,0.9870052083333335,1.0,1.03482,0.5004479166666667
load,static,2,0.5003937500000001,1.0013575466507625,1.0,0.0,0.9850161458333334,1.0002518625434966,1.0,0.007957961669097124,0.5000397157190636,1.000256755264005,1.0,0.0,1.0,1.01943,0.9838541666666668,1.0,1.05301,0.5003385416666667
load,static,3,0.5009250000000001,0.9996701767667314,1.0,0.0,0.9853614583333332,0.9998640502744868,1.0,0.00774640338123278,0.5000689799331104,0.9991895179490285,1.0,0.0,1.0,1.02369,0.9860520833333334,1.0,1.0299099999999999,0.5021822916666667
load,deltaAny,1,0.4992911458333333,0.9983784749212162,1.0984375,0.0,0.9795125,1.1209706224875897,1.1036458333333334,0.010431659077236755,0.4998301630434784,0.9989066427350428,1.4654055183946488,0.0,1.0,1.31381,0.98121875,1.0,1.03708,0.5005729166666666
load,deltaAny,2,0.5003880208333333,1.0012397925984522,1.1463541666666666,1.0408513331223874e-06,0.9785401041666667,1.1183013137342672,1.10921875,0.011191359221153885,0.500038147993311,1.000252104333595,1.1309051003344481,0.0,1.0,1.4220000000000002,0.9804583333333333,1.0,1.04722,0.5003385416666667
load,deltaAny,3,0.5009255208333333,0.999635562016975,1.09375,0.0,0.9780265625000001,1.110956278981218,1.1015104166666667,0.011407289300013668,0.500067412207358,0.9992562436607104,1.1739653010033444,0.0,1.0,1.22012,0.9811875000000001,1.0,1.04712,0.5022239583333333
