ctl,seed,urel,lat,xrej,urel_band,lat_band,xrej_band,peak10,limc_max
vegas,1,0.10913080823381047,1.0001588696214792,0.8022406225731972,0.09665491380939349,0.9990634744844717,0.8792932433884793,1.0385840000000002,0.21875
vegas,2,0.1089684349609598,1.0012849554317336,0.8024375463326935,0.09612371685383922,1.0045747167297043,0.8798685073037518,1.038356,0.1875
vegas,3,0.10926484882296912,0.9983908669280825,0.8021788476656221,0.09660301160095267,1.0001878943857698,0.879410181901964,1.051583,0.359375
vegasW,1,0.9821628335815048,1.0143674891966152,0.015944476646275338,0.9596320944146336,1.0182332828543774,0.03916936476420517,1.03952,1.5
vegasW,2,0.9863233382135325,1.0241837944583947,0.012435455419321615,0.9680953136403029,1.0366466171594042,0.03139006474515419,1.126451,2.625
vegasW,3,0.9843559226478841,1.0174629822746948,0.014359819085092557,0.9642661184864272,1.0278458196627824,0.035202469776171905,1.120137,2.59375
g2,1,0.36509798060620396,0.9998745105578862,0.5680759965624028,0.3246461856054682,0.9993857681343643,0.657147799906071,1.020978,0.4375
g2,2,0.3647146573441083,1.0011175364419904,0.568469513383307,0.32397702931148514,1.0013522373564347,0.6579931345618917,1.0232269999999999,0.453125
g2,3,0.3654445443979098,0.9992211329884956,0.5678841674088034,0.32446309481048163,0.9999340275121569,0.6575588310590551,1.0209199999999998,0.46875
g2W,1,0.9992563691741813,2.7375883841497854,0.000619761105111324,0.9988815346481025,2.8391590834207827,0.0010912785837503677,7.005706999999999,7.6875
g2W,2,0.9997383558909285,2.7400278867409638,0.000396816876052095,0.9999428163566673,2.8524490055137735,0.0006528485422666716,6.947618,7.625
g2W,3,0.9999671562559028,2.72404315627752,0.0004914228944593218,0.9991592900270742,2.807592229134469,0.0015710081272698382,6.906809,7.703125
envoy,1,0.8918448021284732,1.1765332779391495,0.09562772731690203,0.9359212666687843,1.1921764640778665,0.05890215499348355,1.998414,15.625
envoy,2,0.9609509613789172,1.1743339508534347,0.034183414387527644,0.9907325289311127,1.2592863143449127,0.009463857200165253,1.6121290000000001,15.625
envoy,3,0.947836060092793,1.1472921380930963,0.04505359660234982,0.9098806218967472,1.1974734616100449,0.08431295541893037,1.508298,15.625
failsafe,1,0.9998261525789617,6.922776707825292,-6.112224749850437e-05,0.9989935814184391,6.436942060901548,0.00020561424650631377,14.907408,15.625
failsafe,2,1.0002066104689253,7.060012471248494,7.780997667212867e-05,1.0005409114196444,6.684212100898134,-5.450730741501271e-05,15.274552,15.625
failsafe,3,0.9999941598275001,6.8041683840768545,0.00012028689377587885,0.9995132646748834,6.094277296899749,0.0003673626240740774,15.155246000000002,15.625
delta,1,0.9850118339327331,1.087937629453781,0.012802791149984376,0.9788013057893176,1.113292907824264,0.020513617473944833,1.341919,1.859375
delta,2,0.9846689952572725,1.085770368735176,0.013410502159144232,0.9758379057441943,1.0989779238348047,0.02400447748111683,1.422836,2.078125
delta,3,0.9860581882374222,1.091005612669002,0.012361295371300943,0.9797469497916504,1.1147885589734965,0.020255812938495227,1.413544,1.96875
static,1,0.9640657166426728,1.000199000024558,0.03190479284247115,0.9295038082043162,1.0003310662031593,0.06846806316178423,1.0139230000000001,1.0
static,2,0.9643488356449161,1.0001957413034293,0.03186671078755436,0.9297718493228231,1.0001188013804057,0.06873547725478349,1.0121570000000002,1.0
static,3,0.9646886851884203,0.9998514888756528,0.0318343404134408,0.9301439713816562,0.9999598685015997,0.06853631426120675,1.0137930000000002,1.0
deltaAny,1,0.9921030253435904,2.6558035009933074,0.005983871266173975,0.9986830211550617,6.394194508261694,0.0008894013903077471,14.081512,15.625
deltaAny,2,0.992831557426126,2.751393844120475,0.005561674670874175,1.0006737269740271,6.18413037020977,-0.0004556151881511421,14.483675999999999,15.625
deltaAny,3,0.9933511977101837,2.75433957254259,0.00537940097398048,0.9999536744834429,6.351308144428448,0.00046600156343667754,14.373428,15.625
