ctl,urel,lat,xrej,urel_band,lat_band,xrej_band,peak10,limc_max
vegas,0.10912136400591314,0.9999448973270985,0.8022856721905042,0.09646054742139513,1.0012753618666486,0.8795239775313983,1.0428410000000001,0.2552083333333333
vegasW,0.9842806981476405,1.0186714219765682,0.014246583716896502,0.9639978421804546,1.027575239892188,0.03525396642851042,1.0953693333333334,2.2395833333333335
g2,0.3650857274494073,1.000071059996124,0.5681432257848377,0.32436210324247833,1.0002240110009852,0.657566588509006,1.0217083333333332,0.453125
g2W,0.9996539604403375,2.733886475722757,0.0005026669585409136,0.999327880343948,2.833066772689675,0.001105045084428959,6.953378,7.671875
envoy,0.9335439412000611,1.1660531222952268,0.05828824610225983,0.9455114724988815,1.2163120800109413,0.05089298920419306,1.7062803333333332,15.625
failsafe,1.0000089742917957,6.928985854383547,4.565820764983438e-05,0.9996825858376557,6.405143819566477,0.0001728231877217928,15.112402000000001,15.625
delta,0.985246339142476,1.0882378702859865,0.012858196226809851,0.9781287204417207,1.1090197968775217,0.021591302631185628,1.3927663333333333,1.96875
static,0.9643677458253365,1.0000820767345466,0.031868614681155434,0.9298065429695984,1.000136578695055,0.06857995155925815,1.0132910000000002,1.0
deltaAny,0.9927619268266333,2.7205123058854572,0.005641648970342877,0.9997701408708438,6.309877674299972,0.00029992925519776087,14.312871999999999,15.625
