ctl,law,c,util,meanLatOverS,limitOverC,good
aimd,json,16,1.0,62.113566666666664,62.5,0.0
aimd,json,64,1.0,15.601533333333334,15.625,0.0
aimd,llm_code,16,0.9998,3.1494666666666666,2.908,0.0
aimd,llm_code,64,0.8694666666666667,2.4141,1.8910666666666665,0.0
aimd,llm_conv,16,0.9985666666666667,1.2423666666666666,1.2991333333333335,1.0
aimd,llm_conv,64,0.34400000000000003,1.0043666666666666,0.34323333333333333,0.0
aimd,markdown,16,1.0,62.5468,62.5,0.0
aimd,markdown,64,1.0,15.6044,15.625,0.0
aimd,regex,16,1.0,62.451766666666664,62.5,0.0
aimd,regex,64,1.0,15.606333333333334,15.625,0.0
aimd,sqlite,16,1.0,62.445933333333336,62.5,0.0
aimd,sqlite,64,1.0,15.611933333333333,15.625,0.0
delta,json,16,0.9611000000000001,2.3971666666666667,2.398633333333333,0.0
delta,json,64,0.9577666666666667,1.7267333333333335,1.6712666666666667,0.0
delta,llm_code,16,0.9741666666666666,1.1734333333333333,1.1951333333333334,1.0
delta,llm_code,64,0.9823666666666666,1.1687,1.1638333333333333,1.0
delta,llm_conv,16,0.9672000000000001,1.1295333333333333,1.1416000000000002,1.0
delta,llm_conv,64,0.9796333333333335,1.1022333333333334,1.0972333333333333,1.0
delta,markdown,16,0.9696666666666666,1.2072,1.2275666666666665,1.0
delta,markdown,64,0.9765666666666667,1.1841333333333333,1.172,1.0
delta,regex,16,0.9700333333333333,1.2104666666666668,1.2375,1.0
delta,regex,64,0.9773999999999999,1.1868,1.176,1.0
delta,sqlite,16,0.9708,1.1426666666666667,1.1689666666666667,1.0
delta,sqlite,64,0.9783666666666667,1.1175,1.1086666666666667,1.0
envoy,json,16,0.9391666666666666,1.1989333333333334,1.1983333333333333,1.0
envoy,json,64,0.9095666666666666,1.113,1.026,0.0
envoy,llm_code,16,0.9804,21.09006666666667,25.732200000000002,0.0
envoy,llm_code,64,0.9088333333333333,7.882233333333333,7.103866666666666,0.0
envoy,llm_conv,16,0.9757666666666666,3.929866666666667,16.726033333333334,0.0
envoy,llm_conv,64,0.9663333333333334,4.2884,5.2794,0.0
envoy,markdown,16,0.9784333333333333,1.2109333333333334,1.2434,1.0
envoy,markdown,64,0.9181333333333334,1.1599000000000002,1.1432666666666667,0.6666666666666666
envoy,regex,16,0.9710000000000001,1.1242666666666665,1.1515333333333333,1.0
envoy,regex,64,0.9970333333333333,1.2681333333333333,1.2813666666666668,1.0
envoy,sqlite,16,0.9996,1.4799333333333333,1.5472333333333335,0.6666666666666666
envoy,sqlite,64,1.0,1.3424666666666667,1.3582,1.0
failsafe,json,16,0.8969333333333332,1.4847,1.4022,0.0
failsafe,json,64,0.8372333333333334,1.0362,0.8805333333333333,0.0
failsafe,llm_code,16,1.0,2.8106333333333335,2.8745666666666665,0.0
failsafe,llm_code,64,0.9987666666666666,1.445,1.4642,1.0
failsafe,llm_conv,16,0.9999333333333333,2.0662333333333334,2.1417333333333333,0.0
failsafe,llm_conv,64,0.9941,1.1902,1.1972666666666667,1.0
failsafe,markdown,16,0.9464333333333333,1.7599666666666665,1.7217666666666667,0.0
failsafe,markdown,64,0.8750333333333332,1.0624666666666667,0.9413,0.0
failsafe,regex,16,0.8960666666666667,1.4455,1.3652333333333333,0.0
failsafe,regex,64,0.7329,1.0004,0.7422,0.0
failsafe,sqlite,16,0.9466666666666667,1.7227666666666668,1.7030666666666665,0.6666666666666666
failsafe,sqlite,64,0.7637,0.9996666666666667,0.7734,0.0
g2,json,16,1.0,61.9316,62.26283333333333,0.0
g2,json,64,0.375,0.9993333333333333,0.3720666666666667,0.0
g2,llm_code,16,0.9998666666666667,13.721766666666667,14.923366666666666,0.0
g2,llm_code,64,0.4074,0.9943666666666666,0.40996666666666665,0.0
g2,llm_conv,16,0.9999333333333333,7.649633333333334,8.373933333333333,0.0
g2,llm_conv,64,0.395,1.01,0.39713333333333334,0.0
g2,markdown,16,1.0,62.54676666666666,62.5,0.0
g2,markdown,64,0.3349333333333333,1.0005333333333333,0.33736666666666665,0.0
g2,regex,16,0.9995666666666666,52.409400000000005,52.4573,0.0
g2,regex,64,0.3316,1.0007,0.33359999999999995,0.0
g2,sqlite,16,0.9958666666666667,1.2074666666666667,1.2765666666666666,1.0
g2,sqlite,64,0.3171,1.0001666666666666,0.31956666666666667,0.0
g2W,json,16,1.0,4.9635,5.0852,0.0
g2W,json,64,1.0,3.0271000000000003,3.0479000000000003,0.0
g2W,llm_code,16,1.0,18.802400000000002,19.2333,0.0
g2W,llm_code,64,1.0,12.7761,12.864266666666666,0.0
g2W,llm_conv,16,0.9980333333333333,1.2109666666666667,1.2583333333333333,1.0
g2W,llm_conv,64,1.0,13.932366666666667,14.026200000000001,0.0
g2W,markdown,16,1.0,5.202733333333334,5.2581,0.0
g2W,markdown,64,1.0,2.9629666666666665,2.9797333333333333,0.0
g2W,regex,16,1.0,3.5500666666666665,3.6229,0.0
g2W,regex,64,0.8489666666666666,1.0028,0.8625000000000002,0.0
g2W,sqlite,16,1.0,3.0921333333333334,3.160066666666667,0.0
g2W,sqlite,64,0.8489999999999999,1.0026,0.8625000000000002,0.0
grad,json,16,0.5712333333333334,0.9996,0.6187,0.0
grad,json,64,0.14746666666666666,0.9973333333333333,0.14936666666666668,0.0
grad,llm_code,16,0.7812333333333333,1.0717666666666668,0.9116,0.0
grad,llm_code,64,0.24416666666666667,1.0187000000000002,0.2422,0.0
grad,llm_conv,16,0.5308333333333333,1.0321333333333333,0.5740666666666666,0.0
grad,llm_conv,64,0.13936666666666667,1.0148333333333335,0.14043333333333333,0.0
grad,markdown,16,0.5351666666666667,1.0019,0.5670000000000001,0.0
grad,markdown,64,0.13843333333333332,0.9989,0.13976666666666668,0.0
grad,regex,16,0.5265,1.0020333333333333,0.5564333333333333,0.0
grad,regex,64,0.13603333333333334,1.0001,0.1374,0.0
grad,sqlite,16,0.7956666666666666,1.0848000000000002,0.9798333333333332,0.0
grad,sqlite,64,0.3715,1.0325333333333333,0.3337666666666667,0.0
gradW,json,16,1.0,6.560366666666667,6.689333333333333,0.0
gradW,json,64,1.0,2.2239,2.2422,0.0
gradW,llm_code,16,0.7101000000000001,1.5397333333333332,1.2404333333333333,0.0
gradW,llm_code,64,0.9733999999999999,1.4517666666666666,1.4342333333333332,0.3333333333333333
gradW,llm_conv,16,1.0,4.0163,4.052033333333333,0.0
gradW,llm_conv,64,0.35660000000000003,1.1337666666666666,0.47190000000000004,0.0
gradW,markdown,16,1.0,6.806766666666667,6.858966666666666,0.0
gradW,markdown,64,1.0,2.158933333333333,2.175266666666667,0.0
gradW,regex,16,1.0,6.7466,6.818066666666667,0.0
gradW,regex,64,1.0,3.6880333333333333,3.7048666666666663,0.0
gradW,sqlite,16,1.0,6.7364,6.803466666666666,0.0
gradW,sqlite,64,1.0,3.3343666666666665,3.3498,0.0
static,json,16,0.948,0.9946333333333334,1.0,1.0
static,json,64,0.9852333333333333,0.9991333333333333,1.0,1.0
static,llm_code,16,0.9485,1.0029666666666668,0.9999333333333333,1.0
static,llm_code,64,0.985,0.9969666666666667,1.0,1.0
static,llm_conv,16,0.9487666666666668,1.0062,1.0,1.0
static,llm_conv,64,0.9850666666666666,0.9984999999999999,1.0,1.0
static,markdown,16,0.9485,1.0013666666666667,1.0,1.0
static,markdown,64,0.9852,0.9997000000000001,1.0,1.0
static,regex,16,0.9484333333333334,1.0002666666666666,1.0,1.0
static,regex,64,0.9852333333333333,0.9998666666666667,1.0,1.0
static,sqlite,16,0.9484666666666667,1.0003,1.0,1.0
static,sqlite,64,0.9852666666666666,1.0001333333333333,1.0,1.0
vegas,json,16,0.37223333333333336,1.0017666666666667,0.39093333333333335,0.0
vegas,json,64,0.0956,1.0012333333333334,0.09666666666666666,0.0
vegas,llm_code,16,0.4032,0.9767,0.4255333333333333,0.0
vegas,llm_code,64,0.10376666666666667,0.9767666666666667,0.105,0.0
vegas,llm_conv,16,0.3979333333333333,1.0083,0.4194333333333333,0.0
vegas,llm_conv,64,0.10276666666666667,1.0065333333333333,0.10393333333333332,0.0
vegas,markdown,16,0.3706,0.9993666666666666,0.38693333333333335,0.0
vegas,markdown,64,0.09536666666666667,0.9989,0.09626666666666667,0.0
vegas,regex,16,0.36810000000000004,1.0005333333333333,0.3840666666666667,0.0
vegas,regex,64,0.09463333333333335,1.0015333333333334,0.09556666666666667,0.0
vegas,sqlite,16,0.40620000000000006,1.0027666666666668,0.4333,0.0
vegas,sqlite,64,0.10503333333333333,1.0003,0.10643333333333332,0.0
vegasW,json,16,0.9961000000000001,1.3611333333333333,1.4450333333333332,1.0
vegasW,json,64,0.6173666666666667,0.9991666666666666,0.6243,0.0
vegasW,llm_code,16,0.5447666666666667,0.9896666666666666,0.5690666666666667,0.0
vegasW,llm_code,64,0.14543333333333333,0.9920333333333332,0.14666666666666667,0.0
vegasW,llm_conv,16,0.9979,1.2029666666666667,1.2498333333333334,1.0
vegasW,llm_conv,64,0.2847,1.0073666666666667,0.2872666666666666,0.0
vegasW,markdown,16,0.9994999999999999,1.4213000000000002,1.4820666666666666,1.0
vegasW,markdown,64,0.9958333333333332,1.0246666666666666,1.0360333333333334,1.0
vegasW,regex,16,1.0,1.9890999999999999,2.0625,0.0
vegasW,regex,64,1.0,1.8144,1.8309,0.0
vegasW,sqlite,16,1.0,1.9318666666666668,2.0,0.0
vegasW,sqlite,64,0.9990333333333333,1.0499333333333334,1.0644,1.0
