ctl,runs,util_median,util_min,lat_median,lat_max,good_share
vegas,36,0.2366,0.0946,1.0001,1.0147,0.0
vegasW,36,0.9978,0.1116,1.1222,1.9897,0.4167
g2,36,0.705,0.3171,1.1096,62.5777,0.0833
g2W,36,1.0,0.8489,3.3215,19.767,0.0833
grad,36,0.4492,0.136,1.0037,1.086,0.0
gradW,36,1.0,0.093,3.4603,6.949,0.0278
aimd,36,1.0,0.3426,15.6092,62.5776,0.0833
envoy,36,0.9756,0.7696,1.3455,24.7067,0.5278
failsafe,36,0.9232,0.6563,1.4448,3.0916,0.2222
delta,36,0.9732,0.9532,1.1848,3.4281,0.8333
static,36,0.9676,0.9474,1.0,1.0203,1.0
