,util,util,meanLatOverS,meanLatOverS,limitOverC,limitOverC,eMean,eMean,eSd,eSd
srv,fcfs,ps,fcfs,ps,fcfs,ps,fcfs,ps,fcfs,ps
variant,,,,,,,,,,
default,0.9786,0.9797,1.129,1.1453,1.1193,1.1366,0.7953,0.795,0.5695,0.5932
d0.05,0.982,0.9839,1.2433,1.3728,1.2354,1.3652,0.794,0.7928,1.0264,1.082
d0.2,0.9592,0.9634,1.2068,1.2289,1.1719,1.1985,0.795,0.7944,0.2846,0.3049
e0.5,0.9469,0.9481,1.0628,1.0664,1.0201,1.0249,0.4954,0.4955,0.588,0.6039
e0.65,0.9629,0.9642,1.0862,1.0927,1.06,1.068,0.6454,0.6452,0.5806,0.6015
e0.9,0.9874,0.9903,1.1774,1.2856,1.1774,1.2883,0.8948,0.8938,0.5473,0.5769
n50,0.9755,0.9786,1.2781,1.4031,1.2614,1.3877,0.7936,0.7955,0.9977,1.1256
n800,0.9785,0.9788,1.1,1.1034,1.0908,1.0945,0.7906,0.7904,0.3152,0.3207
g0.05,0.9782,0.9806,1.1058,1.1161,1.0963,1.1091,0.7908,0.7902,0.5554,0.5704
g0.2,0.9778,0.9798,1.1982,1.2231,1.1862,1.2132,0.7931,0.7947,0.5936,0.617
fixedOrder,0.9774,0.9808,1.1205,1.1474,1.1097,1.1402,0.7952,0.7948,0.566,0.5893
noSettle,0.9853,0.9804,1.1818,1.1652,1.1793,1.1573,0.7953,0.7954,0.5562,0.5926
noDrain,0.977,1.0,1.1469,14.8055,1.1348,14.8249,0.7981,0.1621,0.5741,0.5342
geoMean,0.9259,0.9795,1.0381,1.1382,0.9743,1.1296,0.7958,0.7948,0.7305,0.5893
