rho,vegas,vegasW,g2,g2W,grad,gradW,aimd,envoy,failsafe,delta,deltaAny,static
0.5,0.1839,1.0001,0.5988,0.9999,0.2475,1.0003,1.0003,0.9967,1.0003,0.9984,1.0001,1.0003
0.8,0.1167,1.0007,0.3896,1.0007,0.1573,1.0007,1.0007,0.9923,1.0004,0.9986,1.0008,0.989
0.9,0.104,0.9936,0.3483,1.0009,0.1402,1.001,1.001,0.873,1.001,0.9982,1.001,0.9573
1.0,0.0937,0.9521,0.3148,0.9932,0.1264,0.9948,0.9997,0.9704,0.9966,0.958,0.9996,0.907
1.1,0.0939,0.9762,0.3158,1.0,0.1267,1.0,1.0,0.9883,1.0,0.979,1.0,0.9339
1.2,0.094,0.987,0.3166,1.0,0.1268,1.0,1.0,0.9653,1.0,0.98,0.9834,0.9505
1.5,0.0943,0.9964,0.3183,1.0,0.1272,1.0,1.0,0.8822,0.9761,0.9782,0.9782,0.9732
3.0,0.0949,0.9999,0.3212,1.0,0.128,1.0,1.0,0.9957,0.8442,0.9779,0.9779,0.9924
5.0,0.095,1.0,0.3222,1.0,0.1283,1.0,1.0,0.6671,0.8269,0.9791,0.9791,0.9961
