dist,seed,epoch,ratio,util,pred,limit_mean
exp,1,1,1.2246237144157417,0.998998463114754,1.0,95.91803278688525
exp,1,2,0.8529182513889,1.0003249007936508,1.0,73.65079365079364
exp,1,3,0.8194826927832201,1.001181640625,1.0,70.4375
exp,1,4,0.7533085966563111,0.9879263771186441,1.0,67.13559322033899
exp,1,5,0.9974664003722552,0.998850806451613,1.0,81.80645161290323
exp,1,6,0.8615984028239765,1.0011917372881356,1.0,73.44067796610169
exp,1,7,0.9726666464770058,0.9986175847457627,1.0,80.49152542372882
exp,1,8,0.8189411732007744,0.9978593749999999,1.0,70.98333333333333
exp,1,9,0.91993291952387,0.9956979166666666,1.0,77.35
exp,1,10,0.722370133003664,0.9345751953125,1.0,60.765625
exp,1,11,0.8702451502326962,0.9995021186440679,1.0,74.38983050847457
exp,1,12,0.9418347301498068,1.0017767137096778,1.0,78.3225806451613
exp,1,13,1.2088938735906873,0.9977107007575757,1.0,94.0
exp,1,14,1.2889829064382292,1.0018341346153847,1.0,98.3076923076923
exp,1,15,0.8635999087308038,0.9978125000000001,1.0,74.5909090909091
exp,1,16,1.1290441402767863,1.0018697033898307,1.0,89.84745762711864
exp,1,17,1.0837920513303094,0.9993915719696971,1.0,86.84848484848484
exp,1,18,1.0478844507913643,1.0011953125,1.0,86.38333333333334
exp,1,19,1.2064383896877282,0.9979450757575757,1.0,94.34848484848484
exp,1,20,1.451574125071838,0.997119869402985,1.0,108.61194029850746
exp,1,21,0.893287449189543,0.9989013671875,1.0,76.046875
exp,1,22,0.9745909775643197,0.9996054025423728,1.0,80.05084745762711
exp,1,23,1.0508165180013949,1.000889616935484,1.0,85.11290322580645
exp,1,24,1.1182762371944186,0.9992259615384614,1.0,89.4
exp,1,25,0.9878598631372704,1.0016784274193546,1.0,81.33870967741936
exp,1,26,1.0607321864630512,0.9984182692307693,1.0,84.8
exp,1,27,0.9578349708089035,1.0007433712121212,1.0,78.92424242424242
exp,1,28,0.9766948552933005,1.0008854166666665,1.0,81.46969696969697
exp,1,29,1.1128588816268778,0.99846875,1.0,89.28333333333333
exp,1,30,1.0133156029983859,0.9991029094827586,1.0,83.27586206896552
exp,1,31,1.125523471085092,1.0000595238095238,1.0,89.6984126984127
exp,1,32,1.028633652808871,1.0009230769230768,1.0,84.07692307692308
exp,1,33,1.3197673084175936,0.9997051411290322,1.0,101.12903225806451
exp,1,34,0.7579320306663921,0.9907291666666667,1.0,67.2063492063492
exp,1,35,1.1923761584888068,0.9989036016949153,1.0,93.27118644067797
exp,1,36,0.7761854592929691,0.9940703124999999,1.0,68.86666666666666
exp,1,37,0.7014052189273084,0.7571927966101696,0.9019265096703561,48.932203389830505
exp,1,38,0.8117204321585907,0.9979401041666668,1.0,70.8
exp,1,39,0.8543837090624262,1.0006328125000001,1.0,73.3
exp,1,40,0.9875464124244322,0.998069556451613,1.0,81.06451612903226
exp,1,41,1.1561422927613954,0.9991284179687501,1.0,91.0625
exp,1,42,0.8006111456861728,0.9979485887096777,1.0,70.11290322580645
exp,1,43,1.0176578384590076,0.9994244791666667,1.0,83.65
exp,1,44,0.8506580082606807,0.9995217803030304,1.0,73.72727272727273
exp,1,45,1.2466839062011281,0.9985267857142858,1.0,96.77777777777777
exp,1,46,1.1366560827828107,1.0036808401639343,1.0,90.42622950819673
exp,1,47,0.9232939117102646,1.0012405303030303,1.0,76.78787878787878
exp,1,48,1.0673438799557147,0.9975781250000001,1.0,86.25862068965517
exp,1,49,1.123786173748801,1.0007339015151515,1.0,89.83333333333333
exp,1,50,1.308520086353582,0.9998410560344827,1.0,99.82758620689656
exp,1,51,0.7582866604806872,0.989516826923077,1.0,66.76923076923077
exp,1,52,0.8198836850823723,1.00160888671875,1.0,71.65625
exp,1,53,0.9420884279706707,1.001122881355932,1.0,78.89830508474576
exp,1,54,0.9382806569317557,1.0009474206349205,1.0,78.12698412698413
exp,2,1,0.9541953717647494,0.9981685450819673,1.0,79.26229508196721
exp,2,2,0.774650457892157,0.9919855769230771,1.0,67.84615384615384
exp,2,3,1.1521667816763357,0.997516571969697,1.0,91.18181818181819
exp,2,4,1.120240307554467,0.9998297574626867,1.0,89.2089552238806
exp,2,5,0.9442157749078245,0.9992788461538461,1.0,78.63076923076923
exp,2,6,1.0891921289531827,0.9992447916666667,1.0,87.03333333333333
exp,2,7,1.1419303193753578,0.9991614583333334,1.0,90.63333333333334
exp,2,8,1.0196452340443567,0.9974947916666668,1.0,83.6
exp,2,9,0.9434746950644721,0.9991666666666666,1.0,78.19047619047619
exp,2,10,1.2055180511684531,1.0005552884615385,1.0,94.1076923076923
exp,2,11,1.0655216327248098,0.9997693452380952,1.0,86.58730158730158
exp,2,12,0.8256212585577456,0.998885063559322,1.0,71.33898305084746
exp,2,13,1.0395842701560951,1.0005089962121212,1.0,84.75757575757575
exp,2,14,1.3322080045094946,1.0034427966101696,1.0,102.69491525423729
exp,2,15,1.0722031579105034,1.0009872159090911,1.0,86.53030303030303
exp,2,17,1.2153625920912292,0.9985401119402985,1.0,95.14925373134328
exp,2,18,0.9155774376390036,1.00093994140625,1.0,76.640625
exp,2,19,0.9123535171469689,1.0025756048387096,1.0,77.33870967741936
exp,2,20,0.7289996803724837,0.957733208955224,1.0,64.04477611940298
exp,2,21,0.7048017748831431,0.7766592261904762,0.9721187039431465,50.857142857142854
exp,2,22,1.117557762662006,1.0009130859375,1.0,89.25
exp,2,23,1.358020821893733,1.0003351814516128,1.0,103.35483870967742
exp,2,24,0.9988500757743567,1.0003714139344262,1.0,82.63934426229508
exp,2,25,1.2408472725096624,1.0004543269230768,1.0,95.4
exp,2,26,1.1253514115527807,0.9977402052238807,1.0,89.22388059701493
exp,2,27,1.4268516899789745,1.000235541044776,1.0,106.71641791044776
exp,2,28,0.8826286851243231,0.9976357581967213,1.0,75.26229508196721
exp,2,29,0.7443442230314588,0.97857666015625,1.0,65.328125
exp,2,30,1.2370929191163438,0.9998759920634921,1.0,96.12698412698413
exp,2,31,1.030731195291474,1.0022187500000002,1.0,84.53846153846153
exp,2,32,0.9599389925207565,1.0004788306451613,1.0,79.12903225806451
exp,2,33,1.0638332895650762,0.9994192708333334,1.0,85.68333333333334
exp,2,34,0.8398156660333715,0.9994970703124999,1.0,71.625
exp,2,35,1.1311765266144682,1.002065677966102,1.0,89.57627118644068
exp,2,36,0.9893637642376814,0.9997443181818182,1.0,81.0909090909091
exp,2,37,0.8479305407120847,1.0028918650793652,1.0,72.96825396825396
exp,2,38,0.8084347430143708,0.9969615384615386,1.0,70.6
exp,2,39,0.9028690773876326,0.9982734375000001,1.0,76.81666666666666
exp,2,40,1.0064983019641822,1.0004379734848485,1.0,82.74242424242425
exp,2,41,1.0554189305121306,0.9984254807692308,1.0,86.1076923076923
exp,2,42,0.8817892649792398,0.9994128787878789,1.0,74.81818181818181
exp,2,43,0.8353259921115894,1.0014433262711866,1.0,71.83050847457628
exp,2,44,0.799536169562126,0.9945365466101693,1.0,69.7457627118644
exp,2,45,1.271405333413886,1.0006117584745762,1.0,98.49152542372882
exp,2,46,0.8721261424754697,0.9978101325757576,1.0,73.74242424242425
exp,2,47,1.712209904616928,0.9982366071428571,1.0,124.38095238095238
exp,2,48,0.7458492759948475,0.986786380597015,1.0,66.92537313432835
exp,2,49,1.1202155425004439,0.9972108208955224,1.0,89.53731343283582
exp,2,50,1.1126885498890333,0.9965247844827586,1.0,88.06896551724138
exp,2,51,0.8101826950832065,0.9992187499999999,1.0,70.18032786885246
exp,2,52,0.90657937202205,1.0037909836065575,1.0,76.72131147540983
exp,2,53,0.7396351192124027,0.9693671875,1.0,64.46666666666667
exp,2,54,0.6955505873768144,0.6775600961538462,0.7969420279721898,44.15384615384615
exp,2,55,1.0299823403730213,1.0015980113636365,1.0,83.89393939393939
exp,3,1,1.14367611170111,1.002564484126984,1.0,91.12698412698413
exp,3,2,0.9304416534362293,1.0011718749999998,1.0,78.98387096774194
exp,3,3,0.8658071661620436,1.0005651041666668,1.0,74.76666666666667
exp,3,4,0.9414795244040227,1.0018177083333335,1.0,78.48333333333333
exp,3,5,1.0151672227352249,1.0013368055555556,1.0,82.66666666666667
exp,3,6,1.106063034040636,0.99907470703125,1.0,88.25
exp,3,7,1.1949445249635917,0.9985727611940298,1.0,92.01492537313433
exp,3,8,0.7650286584727161,0.9914541330645161,1.0,67.41935483870968
exp,3,9,0.7000807204856924,0.7784299395161289,0.8765153844384745,50.403225806451616
exp,3,10,0.8959121129673687,0.9981936553030301,1.0,77.12121212121212
exp,3,11,1.4192971966389685,1.0023822115384615,1.0,107.07692307692308
exp,3,12,0.764230561411962,0.9905673076923077,1.0,67.6
exp,3,13,0.9787071599155449,0.9994405241935485,1.0,80.8225806451613
exp,3,14,0.7047849288870927,0.8170242537313435,0.9717515216312291,52.73134328358209
exp,3,15,0.7879921987984547,0.99445068359375,1.0,69.875
exp,3,16,0.802559953861765,0.9983942307692307,1.0,69.16923076923077
exp,3,17,0.9479220380218194,1.0021144153225807,1.0,78.85483870967742
exp,3,18,0.8905018125605673,1.0010275423728814,1.0,76.03389830508475
exp,3,19,1.1860915940818428,1.0005572916666667,1.0,93.45
exp,3,20,0.9510702235230626,1.0004017857142855,1.0,79.92063492063492
exp,3,21,0.6830422193349668,0.5305539772727274,0.6241648737224056,34.621212121212125
exp,3,22,1.0290517790698184,0.9982316468253968,1.0,84.68253968253968
exp,3,23,0.9993645265768237,1.000244869402985,1.0,81.67164179104478
exp,3,24,0.9487198471168292,0.9982217261904763,1.0,78.61904761904762
exp,3,25,0.9255129757370272,1.0023034274193547,1.0,77.5
exp,3,26,0.8757398246026227,0.9989933401639345,1.0,75.14754098360656
exp,3,27,0.7751595813283517,0.996574337121212,1.0,68.53030303030303
exp,3,29,0.9049146420533614,1.0014818548387097,1.0,77.1774193548387
exp,3,30,0.8640239382895124,1.0004322916666666,1.0,74.5
exp,3,31,0.6838911423496171,0.53390625,0.6341124606773211,34.285714285714285
exp,3,32,1.1064281746046039,0.9975717213114753,1.0,87.29508196721312
exp,3,33,0.8838754328149366,0.9968584280303031,1.0,75.43939393939394
exp,3,34,1.2430038479698784,0.9985015368852458,1.0,96.21311475409836
exp,3,35,0.8983268497174877,0.9989133522727273,1.0,76.36363636363636
exp,3,36,0.8087954201092994,0.9972629310344828,1.0,70.93103448275862
exp,3,37,0.8225794763990782,0.99853515625,1.0,71.265625
exp,3,38,1.1719097131161007,1.0029337686567164,1.0,92.92537313432835
exp,3,39,0.8319870293046454,1.0013829291044776,1.0,72.92537313432835
exp,3,40,0.9549089508795064,1.0015677966101695,1.0,79.64406779661017
exp,3,41,0.9617396423208272,0.9962475961538461,1.0,79.6
exp,3,42,1.0400679086239055,0.9988294057377048,1.0,84.59016393442623
exp,3,43,1.1809082106816713,1.0016640625,1.0,92.9
exp,3,44,0.8974851258464487,0.9991477272727272,1.0,75.3030303030303
exp,3,45,0.9299375694005626,1.0005517578125,1.0,78.203125
exp,3,46,1.432774569410904,1.0006202651515153,1.0,107.74242424242425
exp,3,47,0.8247014959699597,0.9984228515625,1.0,71.578125
exp,3,48,0.88401207256068,0.997610576923077,1.0,74.73846153846154
exp,3,49,1.0480958176477935,1.0027171610169492,1.0,85.59322033898304
exp,3,50,0.8809209042768388,0.9978717672413794,1.0,75.86206896551724
exp,3,51,0.9551037597056297,0.99983642578125,1.0,80.015625
exp,3,52,0.8948087722174932,0.9980507172131146,1.0,75.77049180327869
exp,3,53,1.0942938740648018,0.995536099137931,1.0,87.06896551724138
exp,3,54,1.0625116707809046,0.9993408203125,1.0,86.5
exp,3,55,0.8691881719676778,0.9968383789062499,1.0,74.484375
exp,3,56,1.0895313526001498,1.00048828125,1.0,88.21875
ln1,1,1,0.8397398883819756,0.9997310450819672,1.0,72.01639344262296
ln1,1,2,0.9840551268946276,0.9989260912698414,1.0,79.0
ln1,1,3,1.0271921969748483,0.9978509615384616,1.0,81.04615384615384
ln1,1,4,0.7979170067722523,0.9939921875000002,1.0,69.26666666666667
ln1,1,5,1.0660249741935361,0.9979208669354839,1.0,84.03225806451613
ln1,1,6,1.2079091866119107,1.0007786016949152,1.0,90.86440677966101
ln1,1,7,0.7910207735086756,0.994854525862069,1.0,68.10344827586206
ln1,1,8,1.3867621422698684,1.001281779661017,1.0,98.96610169491525
ln1,1,9,0.9486604091634928,0.9990625000000002,1.0,77.03333333333333
ln1,1,10,0.7426340390087949,0.9725099206349205,1.0,64.6984126984127
ln1,1,11,0.797253894737584,0.9934295550847457,1.0,69.96610169491525
ln1,1,12,0.782210880029685,0.997375992063492,1.0,67.41269841269842
ln1,1,13,0.857571369982551,0.998944128787879,1.0,72.16666666666667
ln1,1,14,0.9179190166602242,1.001341346153846,1.0,75.64615384615385
ln1,1,15,0.987434162486504,0.9979278846153846,1.0,78.8923076923077
ln1,1,16,0.7744724845898066,0.9962864583333334,1.0,67.9
ln1,1,17,1.1598259800224784,1.000262784090909,1.0,88.22727272727273
ln1,1,18,0.9329219676623987,1.0029348958333333,1.0,76.43333333333334
ln1,1,19,0.981066671215762,1.0014559659090911,1.0,78.43939393939394
ln1,1,20,0.8268538838057437,0.997586287313433,1.0,70.13432835820896
ln1,1,21,1.0948639177241448,1.0015997023809524,1.0,84.14285714285714
ln1,1,22,0.7579479371261817,0.9835407838983051,1.0,66.79661016949153
ln1,1,23,1.067650769264114,0.999438004032258,1.0,83.06451612903226
ln1,1,24,0.809793999500605,0.9990360576923076,1.0,69.73846153846154
ln1,1,25,0.7412388987707633,0.9751108870967743,1.0,64.74193548387096
ln1,1,26,1.0854395492194933,0.9984495192307693,1.0,84.12307692307692
ln1,1,27,0.8099859095971624,1.00024384469697,1.0,70.36363636363636
ln1,1,28,0.7999373386650483,0.9959540719696971,1.0,69.77272727272727
ln1,1,29,1.0361400876624458,1.001736680327869,1.0,82.40983606557377
ln1,1,30,0.8055108101548449,0.9971039870689656,1.0,69.06896551724138
ln1,1,31,1.0047520702462063,0.9994238281250001,1.0,80.203125
ln1,1,32,1.3571375873903795,1.0009639423076921,1.0,98.06153846153846
ln1,1,33,1.007834667389964,0.9982938508064518,1.0,80.66129032258064
ln1,1,34,0.8130800477261082,0.9957157258064517,1.0,69.88709677419355
ln1,1,35,1.1821028842463164,1.0046477754237289,1.0,89.11864406779661
ln1,1,36,1.1326420137678517,1.0009869791666666,1.0,86.7
ln1,1,37,0.8344112506493849,0.999041313559322,1.0,71.45762711864407
ln1,1,38,0.8322445131159163,1.0007109375,1.0,71.26666666666667
ln1,1,39,1.0766728519993496,0.9975494791666666,1.0,84.01666666666667
ln1,1,40,0.900084897120177,0.9973538306451613,1.0,74.98387096774194
ln1,1,41,1.2239575860009155,0.9959741210937499,1.0,90.921875
ln1,1,42,0.9742250103250035,1.0013037909836067,1.0,78.39344262295081
ln1,1,43,1.0739826483519896,1.002234375,1.0,83.68333333333334
ln1,1,44,0.8883231493724889,0.999341346153846,1.0,73.73846153846154
ln1,1,45,0.8753769668020617,0.9955883789062501,1.0,73.8125
ln1,1,46,1.2304985217919138,1.0022883064516128,1.0,91.43548387096774
ln1,1,47,0.7022809842983924,0.7272798295454546,0.919311630596376,47.54545454545455
ln1,1,48,0.8741104261132696,1.0017887931034484,1.0,74.22413793103448
ln1,1,49,0.7595595532720998,0.9857196969696969,1.0,67.06060606060606
ln1,1,50,1.3180805853166075,1.0003313577586206,1.0,96.20689655172414
ln1,1,51,1.0263444291771693,1.0000504807692308,1.0,80.96923076923076
ln1,1,52,0.8308731143331288,0.9975264423076923,1.0,71.27692307692308
ln1,1,53,1.0505831360117774,1.001104525862069,1.0,82.63793103448276
ln1,1,54,0.9123475236250314,1.00038818359375,1.0,75.421875
ln1,2,1,1.2720007288846231,1.0000896516393443,1.0,93.70491803278688
ln1,2,2,1.2410900136415224,0.9985240384615384,1.0,92.15384615384616
ln1,2,3,1.0715221103098738,1.0006723484848485,1.0,83.13636363636364
ln1,2,4,0.8854520820001085,0.9995638992537311,1.0,73.22388059701493
ln1,2,5,1.020619441038974,0.997625,1.0,81.16923076923077
ln1,2,6,0.8960026857879079,1.0028177966101695,1.0,74.57627118644068
ln1,2,7,0.9051410027311101,1.0008555327868853,1.0,75.75409836065573
ln1,2,8,0.8155913661030518,1.0010911016949153,1.0,70.33898305084746
ln1,2,9,0.9488064850617315,1.0011572265625,1.0,77.265625
ln1,2,10,1.247673815948934,0.9997703598484851,1.0,92.06060606060606
ln1,2,11,1.2461800827231522,1.0006098790322582,1.0,92.83870967741936
ln1,2,12,0.940609912509883,0.9981171875,1.0,76.95
ln1,2,13,1.2697856840845811,0.9979829545454545,1.0,93.86363636363636
ln1,2,14,1.2458752358429677,1.0015439618644066,1.0,93.38983050847457
ln1,2,15,1.06431245686283,1.0012002840909093,1.0,83.3030303030303
ln1,2,16,1.217730729878252,0.9998933531746032,1.0,91.19047619047619
ln1,2,17,0.9518191768094924,1.0004057835820892,1.0,76.43283582089552
ln1,2,18,1.1053350535853628,1.0014892578124999,1.0,85.859375
ln1,2,19,0.8596609477864758,1.0012550403225806,1.0,72.58064516129032
ln1,2,20,1.1519146346759945,0.9988526119402985,1.0,87.59701492537313
ln1,2,21,1.1143985189960588,0.9960342261904762,1.0,85.07936507936508
ln1,2,22,0.8420283008735706,0.9977392578125,1.0,71.484375
ln1,2,23,0.8408113864210877,1.0014516129032258,1.0,71.98387096774194
ln1,2,24,0.8091081352379944,0.9939739583333334,1.0,69.76666666666667
ln1,2,25,0.8835334756481855,0.9972500000000001,1.0,74.01538461538462
ln1,2,26,1.0197495804982206,1.002405303030303,1.0,81.6969696969697
ln1,2,27,1.0179079690046242,1.0023180970149255,1.0,80.25373134328358
ln1,2,28,0.9291249835354939,0.999460685483871,1.0,76.38709677419355
ln1,2,29,1.0710812446756859,0.9992385912698413,1.0,83.53968253968254
ln1,2,30,0.9292736973732041,1.0021648185483867,1.0,77.58064516129032
ln1,2,31,0.7571359463825861,0.9860511363636364,1.0,65.84848484848484
ln1,2,32,0.7386838895213215,0.9722127016129032,1.0,64.09677419354838
ln1,2,33,1.5664557762631748,0.9990182291666667,1.0,109.03333333333333
ln1,2,34,0.8818293667495452,0.9985620117187501,1.0,74.28125
ln1,2,35,0.8844025118328539,0.9999099576271188,1.0,74.13559322033899
ln1,2,36,0.8954193714222547,1.002516571969697,1.0,74.43939393939394
ln1,2,37,0.980157076711718,0.998249007936508,1.0,78.77777777777777
ln1,2,38,1.2115980152204806,1.0001250000000002,1.0,90.61538461538461
ln1,2,39,1.1454012323782308,1.0012239583333333,1.0,87.06666666666666
ln1,2,40,0.9666658298979756,1.000830965909091,1.0,77.63636363636364
ln1,2,42,0.9391496481411469,1.000963541666667,1.0,77.0
ln1,2,43,0.9135909823434472,1.0005349576271187,1.0,75.15254237288136
ln1,2,44,1.1796975780618868,0.9971371822033899,1.0,88.72881355932203
ln1,2,45,0.8023840275249382,0.9980640889830508,1.0,70.2542372881356
ln1,2,46,1.0347195572570003,0.9985037878787879,1.0,81.12121212121212
ln1,2,47,0.8037366309889906,0.9959176587301587,1.0,69.17460317460318
ln1,2,48,1.1323553027215345,0.999412313432836,1.0,86.19402985074628
ln1,2,49,0.9718269584741208,1.0027728544776122,1.0,78.5223880597015
ln1,2,50,1.2397909933229865,1.0034940732758622,1.0,91.72413793103448
ln1,2,51,0.8789800623778052,0.9963729508196721,1.0,74.21311475409836
ln1,2,52,1.1880814443162173,1.0033504098360657,1.0,89.78688524590164
ln1,2,53,0.8937202086601236,0.9977083333333334,1.0,74.56666666666666
ln1,2,54,0.9554364513098956,0.9997235576923078,1.0,78.0
ln1,2,55,1.0335951355572395,1.002383996212121,1.0,81.43939393939394
ln1,3,1,1.1838017172660136,1.0018145161290322,1.0,89.93548387096774
ln1,3,2,0.7104765676229389,0.8211214717741936,1.0,53.5
ln1,3,3,0.8304540116995817,0.9998668032786885,1.0,71.21311475409836
ln1,3,4,0.8717852473402892,0.9982812499999999,1.0,72.42372881355932
ln1,3,5,0.7899741710233265,0.99635498046875,1.0,68.40625
ln1,3,6,1.1376496472409945,0.9988623046875,1.0,86.421875
ln1,3,7,0.955672711763819,0.9978964552238805,1.0,77.29850746268657
ln1,3,8,1.017972103908027,1.0020740927419354,1.0,80.75806451612904
ln1,3,9,0.8076833181809076,0.9961466733870968,1.0,69.58064516129032
ln1,3,10,1.055579723113383,0.9994886363636364,1.0,83.51515151515152
ln1,3,11,0.9967475726621324,0.9982091346153846,1.0,79.35384615384615
ln1,3,12,0.8945702846548401,1.0023413461538462,1.0,74.84615384615384
ln1,3,13,0.8470895174922298,0.9991582661290322,1.0,71.88709677419355
ln1,3,14,0.9268326141346912,0.9979174440298507,1.0,75.92537313432835
ln1,3,15,0.7344547779347286,0.96986083984375,1.0,64.125
ln1,3,16,1.00549497994989,0.9975528846153847,1.0,79.78461538461538
ln1,3,17,0.8215959758252348,0.9991305443548388,1.0,70.80645161290323
ln1,3,18,1.112302676085889,1.0017531779661017,1.0,85.52542372881356
ln1,3,19,0.9699836982683547,1.0014036458333335,1.0,78.31666666666666
ln1,3,20,0.9559124345132987,1.0020585317460318,1.0,77.28571428571429
ln1,3,21,1.0572012315323196,0.9980089962121212,1.0,82.56060606060606
ln1,3,22,0.8750895962708765,0.9972743055555556,1.0,73.77777777777777
ln1,3,23,0.9117107909850789,0.9986055871212123,1.0,75.4090909090909
ln1,3,24,1.2545834037810855,0.9993700396825396,1.0,92.85714285714286
ln1,3,25,1.0011735404817919,1.0018129960317461,1.0,79.39682539682539
ln1,3,26,0.8945768795035192,0.9999077868852461,1.0,74.31147540983606
ln1,3,27,0.8930175275333816,1.002507102272727,1.0,74.15151515151516
ln1,3,28,0.8989002974262209,1.0001562499999999,1.0,74.75757575757575
ln1,3,29,1.0655216223681152,1.0021622983870968,1.0,83.53225806451613
ln1,3,30,0.7020404371928277,0.7559557291666666,0.9144889551590415,49.13333333333333
ln1,3,31,0.837817489992062,0.9974072265624999,1.0,71.390625
ln1,3,32,1.3796428382497261,1.0050922131147542,1.0,99.67213114754098
ln1,3,33,1.1872292249956802,1.0001958955223882,1.0,89.55223880597015
ln1,3,34,0.8676349441954099,0.9988180443548386,1.0,73.33870967741936
ln1,3,35,0.9327699564003489,0.997862215909091,1.0,76.92424242424242
ln1,3,36,0.9078951764106561,0.9982408405172415,1.0,74.98275862068965
ln1,3,37,0.9636279128540178,0.9993798828125,1.0,78.328125
ln1,3,38,0.8316018451121527,0.998712121212121,1.0,70.46969696969697
ln1,3,39,1.2270352370081639,0.9949416977611941,1.0,91.68656716417911
ln1,3,40,0.8716319171085036,0.9942672413793103,1.0,73.06896551724138
ln1,3,41,0.8180814160930059,0.9951799242424243,1.0,69.6969696969697
ln1,3,42,0.8832627571099145,1.0019492827868852,1.0,73.72131147540983
ln1,3,43,1.1315123161891478,0.9988934426229509,1.0,86.49180327868852
ln1,3,44,0.8013736967073234,0.9970288461538462,1.0,69.53846153846153
ln1,3,45,1.0518132401616185,0.99995849609375,1.0,82.71875
ln1,3,46,1.1082156834883274,1.001068097014925,1.0,85.3731343283582
ln1,3,47,1.249254106563627,1.00262939453125,1.0,93.34375
ln1,3,48,0.9700084289509007,0.99969482421875,1.0,77.65625
ln1,3,49,1.0327742417679275,1.0014406779661016,1.0,81.64406779661017
ln1,3,50,0.6832805657694732,0.5135748922413793,0.6269353147329791,32.775862068965516
ln1,3,51,1.261769150901668,1.0036108398437502,1.0,93.09375
ln1,3,52,0.8803359632661971,0.9986936475409836,1.0,72.91803278688525
ln1,3,53,1.162300202375603,0.9981411637931036,1.0,87.34482758620689
ln1,3,54,0.9900163754867464,0.9981201171875,1.0,79.296875
ln05,1,1,1.065749580980363,1.0007479508196722,1.0,91.93442622950819
ln05,1,2,1.11334610392088,0.9993601190476189,1.0,95.06349206349206
ln05,1,3,1.034789897709797,0.9998942307692307,1.0,88.76923076923077
ln05,1,4,1.026555330628913,0.9993273305084746,1.0,88.20338983050847
ln05,1,5,1.0494075857241234,0.9985257056451612,1.0,89.7258064516129
ln05,1,6,0.9000703632678567,0.9994041313559322,1.0,78.64406779661017
ln05,1,7,0.8556780353644408,1.000021186440678,1.0,75.61016949152543
ln05,1,8,0.8474466410904684,1.0003802083333335,1.0,74.73333333333333
ln05,1,9,0.9397990049548433,0.9996015625000001,1.0,81.88333333333334
ln05,1,10,1.053494840913438,0.9997891865079366,1.0,90.23809523809524
ln05,1,11,0.8879492210348161,0.9991406250000001,1.0,78.22413793103448
ln05,1,12,1.07230222045451,1.0002847782258066,1.0,91.51612903225806
ln05,1,13,0.9744151215619435,1.000267518939394,1.0,84.5909090909091
ln05,1,14,1.1272820917073465,1.0006036931818183,1.0,95.77272727272727
ln05,1,15,0.9886987583342933,0.9992403846153847,1.0,85.6
ln05,1,16,1.1644527711364014,1.0013241525423728,1.0,98.8135593220339
ln05,1,17,0.9433279594422517,1.000752840909091,1.0,82.06060606060606
ln05,1,18,0.8964929101605142,1.0010442708333334,1.0,78.91666666666667
ln05,1,19,1.0726565549978142,1.000061553030303,1.0,91.87878787878788
ln05,1,20,1.2538293820613087,0.9991208022388061,1.0,104.77611940298507
ln05,1,21,0.9855696908322771,1.00015625,1.0,85.46875
ln05,1,22,1.1579103299701843,0.998863877118644,1.0,97.91525423728814
ln05,1,23,0.9907741139980664,0.9997908266129031,1.0,85.62903225806451
ln05,1,24,1.0412110923261786,1.001306818181818,1.0,89.96969696969697
ln05,1,25,0.8018626975626879,0.9996547379032259,1.0,71.61290322580645
ln05,1,26,1.0572450986829292,0.9987740384615386,1.0,91.01538461538462
ln05,1,27,0.7520334250726765,0.9997017045454545,1.0,68.22727272727273
ln05,1,28,1.0304908576591343,1.0004498106060606,1.0,88.81818181818181
ln05,1,29,1.0319438899101068,1.0003586065573773,1.0,89.37704918032787
ln05,1,30,0.919687488458578,1.0002397629310347,1.0,80.43103448275862
ln05,1,31,0.9258303825830005,0.9993353174603173,1.0,80.96825396825396
ln05,1,32,1.0471664508992202,1.0015817307692307,1.0,90.46153846153847
ln05,1,33,1.132223058584942,0.9991582661290324,1.0,96.11290322580645
ln05,1,34,1.0348309175705825,0.999188508064516,1.0,88.8225806451613
ln05,1,35,0.9252570110482646,1.0013335129310343,1.0,80.48275862068965
ln05,1,36,0.8813283662120699,0.9998333333333332,1.0,77.55
ln05,1,37,1.3733397266289775,1.0004768318965518,1.0,114.1896551724138
ln05,1,38,1.1655509022714068,1.000265625,1.0,98.91666666666667
ln05,1,39,0.9891785320651378,0.9994147245762712,1.0,85.59322033898304
ln05,1,40,1.0781602418440854,0.9995791330645162,1.0,92.5
ln05,1,41,0.9987913438055069,0.9986328125000001,1.0,86.765625
ln05,1,42,0.9562620201318528,1.0001050204918034,1.0,83.22950819672131
ln05,1,43,1.0351395863572663,1.0002612704918032,1.0,89.27868852459017
ln05,1,44,0.9375017794363245,0.9992283653846153,1.0,81.75384615384615
ln05,1,45,1.062421306530112,0.9986284722222223,1.0,91.2063492063492
ln05,1,46,1.0373748288264768,1.0012046370967742,1.0,89.20967741935483
ln05,1,47,1.108695562190227,1.0003645833333332,1.0,94.10606060606061
ln05,1,48,0.9587291041346739,0.9999084051724139,1.0,83.60344827586206
ln05,1,49,0.9262882866090616,0.9994933712121211,1.0,81.18181818181819
ln05,1,50,1.0836409258402477,1.0011705508474575,1.0,92.83050847457628
ln05,1,51,1.042168713440814,0.9999038461538462,1.0,89.93846153846154
ln05,1,52,1.0813938986596514,0.99961669921875,1.0,92.5
ln05,1,53,1.0552799980593337,1.0005441810344828,1.0,91.15517241379311
ln05,1,54,0.9718636182323678,1.00033447265625,1.0,84.71875
ln05,2,1,0.9129024408781572,1.0003662909836064,1.0,79.60655737704919
ln05,2,2,1.059129406044812,0.9994278846153846,1.0,90.84615384615384
ln05,2,3,1.0886567936238631,1.0005066287878783,1.0,93.51515151515152
ln05,2,4,0.9913060124138868,0.9998973880597014,1.0,86.1044776119403
ln05,2,5,1.1591759399843085,0.9987956730769231,1.0,99.0923076923077
ln05,2,6,1.0620529209847707,1.0010390625,1.0,90.88333333333334
ln05,2,7,0.8869043477301122,1.0009973958333336,1.0,78.01666666666667
ln05,2,8,0.9228346862858032,1.0013828125,1.0,80.88333333333334
ln05,2,9,1.0599185284495356,1.000873015873016,1.0,90.95238095238095
ln05,2,10,1.0789948033763643,1.0001278409090908,1.0,92.48484848484848
ln05,2,11,1.0313331245796271,0.999858630952381,1.0,88.63492063492063
ln05,2,12,0.9698465062383289,0.9989459745762711,1.0,84.08474576271186
ln05,2,13,0.8592539020683276,0.9991122159090909,1.0,76.22727272727273
ln05,2,14,1.0186465428291294,1.0014353813559322,1.0,87.79661016949153
ln05,2,15,0.8713052425493135,1.000729166666667,1.0,76.92424242424242
ln05,2,16,0.8572997929543901,0.9998363095238096,1.0,75.84126984126983
ln05,2,17,0.9333277253150716,1.0001795708955226,1.0,81.35820895522389
ln05,2,18,0.8536640961773133,1.000693359375,1.0,75.25
ln05,2,19,1.0262988998417377,1.0007787298387099,1.0,88.8225806451613
ln05,2,20,0.9557472322104484,0.999412313432836,1.0,83.05970149253731
ln05,2,21,1.0199679035932712,0.9979092261904762,1.0,88.0952380952381
ln05,2,22,0.9788459464139694,0.99991943359375,1.0,84.96875
ln05,2,23,1.038662081916319,1.000529233870968,1.0,89.14516129032258
ln05,2,24,1.0657152466769981,0.99874743852459,1.0,91.08196721311475
ln05,2,25,0.9713872439375001,0.9988100961538462,1.0,84.49230769230769
ln05,2,26,1.0703174031022495,1.0014015858208953,1.0,92.14925373134328
ln05,2,27,0.9449490371450054,1.000809235074627,1.0,82.65671641791045
ln05,2,28,1.029880998844915,1.000330430327869,1.0,88.73770491803279
ln05,2,29,0.8651059177876776,0.9995361328125001,1.0,76.40625
ln05,2,30,1.089945633117161,1.0007535282258064,1.0,93.11290322580645
ln05,2,31,0.9822244192021428,0.99971875,1.0,85.43076923076923
ln05,2,32,0.9293528781420533,0.9996774193548387,1.0,81.2258064516129
ln05,2,33,1.0859695394842848,0.9996666666666666,1.0,93.33333333333333
ln05,2,34,0.8609973594662426,0.9993164062500001,1.0,76.28125
ln05,2,35,0.8917514901747509,1.0008765889830509,1.0,78.2542372881356
ln05,2,36,1.0480593694157658,1.000838068181818,1.0,90.27272727272727
ln05,2,37,1.0635702025757028,0.999156746031746,1.0,90.88888888888889
ln05,2,38,1.0409999873520257,1.0001098632812502,1.0,89.75
ln05,2,39,0.9735239027633862,1.0003628177966102,1.0,84.10169491525424
ln05,2,40,0.987113827967425,1.000864109848485,1.0,85.77272727272727
ln05,2,41,0.9195524175357704,1.00070068359375,1.0,80.671875
ln05,2,42,1.216657342857863,1.000184659090909,1.0,102.60606060606061
ln05,2,43,1.2034345567393077,0.9991710805084746,1.0,101.91525423728814
ln05,2,44,0.9985481708186406,1.000603813559322,1.0,86.71186440677967
ln05,2,45,0.792614192044488,0.998554025423729,1.0,71.15254237288136
ln05,2,46,1.0879526571185567,0.9999763257575759,1.0,93.07575757575758
ln05,2,47,1.0601297467382211,0.9995312499999999,1.0,90.6984126984127
ln05,2,48,0.9645704682879638,1.0013059701492537,1.0,84.43283582089552
ln05,2,49,1.0709291882635223,1.0006110074626868,1.0,91.95522388059702
ln05,2,50,0.9405428015465442,0.9992995689655173,1.0,82.17241379310344
ln05,2,51,1.0270556142901501,1.0014011270491805,1.0,88.88524590163935
ln05,2,52,0.9737297952690416,0.9993314549180327,1.0,84.27868852459017
ln05,2,53,1.0991125521719205,0.9997005208333334,1.0,93.35
ln05,2,54,0.9989576895392998,1.0010865384615384,1.0,86.41538461538461
ln05,3,1,0.9950551370380525,1.0005418346774195,1.0,85.80645161290323
ln05,3,2,0.9234644884577526,0.9997253024193549,1.0,80.48387096774194
ln05,3,3,0.9447140228044831,0.9993489583333334,1.0,82.43333333333334
ln05,3,4,0.97691835290065,0.9996001059322032,1.0,84.8135593220339
ln05,3,5,0.923640692555878,1.00016845703125,1.0,81.140625
ln05,3,6,1.0003026197262135,0.9991235351562501,1.0,85.96875
ln05,3,7,0.9638408360128321,0.9998670708955223,1.0,84.1044776119403
ln05,3,8,0.9153646523560783,1.0008568548387098,1.0,80.62903225806451
ln05,3,9,0.9917146246182856,0.9988442460317459,1.0,85.61904761904762
ln05,3,10,0.991812641688947,0.9999502840909091,1.0,86.01515151515152
ln05,3,11,0.7914564574653579,0.9994927884615383,1.0,70.64615384615385
ln05,3,12,1.158536166133494,0.99989013671875,1.0,98.328125
ln05,3,13,0.8761569175752544,0.9999571572580644,1.0,77.43548387096774
ln05,3,14,1.1053008854238981,0.9991604477611942,1.0,93.71641791044776
ln05,3,15,1.0598524660770554,1.00009033203125,1.0,91.234375
ln05,3,16,0.9152473718148824,0.9990841346153847,1.0,80.53846153846153
ln05,3,17,1.0720524752247553,1.000106646825397,1.0,91.96825396825396
ln05,3,18,1.0551359752884542,1.0005765086206897,1.0,90.72413793103448
ln05,3,19,0.9341328250688857,1.0014989406779662,1.0,81.71186440677967
ln05,3,20,0.9505632056605193,1.000386904761905,1.0,82.77777777777777
ln05,3,21,1.1010094374469168,0.9987499999999998,1.0,93.8
ln05,3,22,1.0065886301052551,0.999109623015873,1.0,86.93650793650794
ln05,3,23,0.9043902531925099,0.9987997159090908,1.0,79.18181818181819
ln05,3,24,0.8166688276446559,1.0006274801587303,1.0,72.73015873015873
ln05,3,25,0.9447974223004447,0.9999181547619047,1.0,82.3015873015873
ln05,3,26,0.9944618221455864,0.9999026639344262,1.0,85.73770491803279
ln05,3,27,0.9283002994491356,1.0011217350746269,1.0,80.88059701492537
ln05,3,28,1.0387503539371805,1.0001302083333332,1.0,89.01515151515152
ln05,3,29,1.0036673814559474,1.0017086693548387,1.0,86.95161290322581
ln05,3,30,1.0615030055582737,1.0009713541666667,1.0,91.26666666666667
ln05,3,31,0.9524257566321512,1.000205853174603,1.0,83.07936507936508
ln05,3,32,1.0319898956103248,1.0011552254098361,1.0,89.0
ln05,3,33,0.8955979519823827,0.9991216856060608,1.0,78.72727272727273
ln05,3,34,0.9369626288904204,0.9988230846774194,1.0,81.74193548387096
ln05,3,35,1.0068112931617288,0.999173768939394,1.0,87.0
ln05,3,36,0.8512967289631421,0.999911099137931,1.0,75.82758620689656
ln05,3,37,0.9503711375278361,0.9996826171875,1.0,82.21875
ln05,3,38,0.9292626797741382,1.0002604166666664,1.0,81.10606060606061
ln05,3,39,0.9834483294682859,0.9972901119402987,1.0,85.17910447761194
ln05,3,40,0.9612722221888405,0.9997359913793104,1.0,83.48275862068965
ln05,3,41,0.9947298110150827,1.0002509469696967,1.0,86.54545454545455
ln05,3,42,0.9601272921518892,0.9985655737704918,1.0,83.24590163934427
ln05,3,43,1.0295630382665613,0.9997361680327869,1.0,88.42622950819673
ln05,3,44,0.872555668416075,1.000579326923077,1.0,77.03076923076924
ln05,3,45,0.9757449809160271,0.9998828125,1.0,84.46875
ln05,3,46,1.0960173657151384,1.0002775186567165,1.0,93.86567164179104
ln05,3,47,1.0145828570625866,1.0013427734375,1.0,87.734375
ln05,3,48,1.089852148627802,0.99975341796875,1.0,93.46875
ln05,3,49,0.8174062786225339,1.0009322033898305,1.0,73.11864406779661
ln05,3,50,1.2256681144867594,1.0013200431034484,1.0,103.51724137931035
ln05,3,51,0.8981842428734532,0.9996800595238097,1.0,78.95238095238095
ln05,3,52,0.8334690668705539,0.9992162298387096,1.0,73.43548387096774
ln05,3,53,1.0381870673958422,0.9994369612068966,1.0,89.37931034482759
ln05,3,54,1.0587805105990704,0.99897216796875,1.0,90.921875
ln15,1,1,1.171291733863441,0.9947336065573772,1.0,78.1311475409836
ln15,1,2,0.9244063890884747,0.9748139880952381,1.0,68.9047619047619
ln15,1,3,0.9765589568603477,0.9714567307692308,1.0,70.81538461538462
ln15,1,4,1.0009297387987253,0.9760833333333334,1.0,74.66666666666667
ln15,1,5,1.003056302903104,0.9779964717741935,1.0,71.46774193548387
ln15,1,6,1.0330924807817832,0.9872590042372881,1.0,71.88135593220339
ln15,1,7,1.3176319326691333,0.9997413793103448,1.0,82.29310344827586
ln15,1,8,0.7329133573417337,0.9010805084745763,1.0,58.71186440677966
ln15,1,9,0.67508646107466,0.4134817708333334,0.5408170641078507,26.45
ln15,1,10,0.7714641081545589,0.9356349206349207,1.0,62.58730158730159
ln15,1,11,1.1119804933873576,0.983828125,1.0,73.98275862068965
ln15,1,12,1.302448745473718,0.9926083669354839,1.0,82.51612903225806
ln15,1,14,0.7687698647853524,0.950829326923077,1.0,62.56923076923077
ln15,1,15,1.86926124445699,0.9937884615384615,1.0,96.24615384615385
ln15,1,16,0.776215919342023,0.9449152542372882,1.0,62.03389830508475
ln15,1,17,0.7570213989584088,0.9134831730769231,1.0,60.04615384615385
ln15,1,18,1.2476703145804908,1.0032500000000002,1.0,82.55
ln15,1,19,0.8997291281112997,0.9675142045454547,1.0,68.60606060606061
ln15,1,20,0.8261057785520814,0.9660890858208956,1.0,66.28358208955224
ln15,1,21,1.1552054345657605,1.001448412698413,1.0,75.87301587301587
ln15,1,22,0.8500271605732678,0.9691684322033901,1.0,64.98305084745763
ln15,1,23,0.8418945313658642,0.9671597782258063,1.0,67.25806451612904
ln15,1,24,0.8405072131842125,0.9497403846153847,1.0,65.36923076923077
ln15,1,25,1.438779862504817,0.9974647177419356,1.0,84.37096774193549
ln15,1,26,0.9986263717111609,0.980483173076923,1.0,72.78461538461538
ln15,1,27,0.8717976449784522,0.9650899621212121,1.0,69.4090909090909
ln15,1,28,0.7441421948888269,0.9108357007575757,1.0,59.92424242424242
ln15,1,29,0.7870828344061144,0.94834375,1.0,63.68333333333333
ln15,1,30,0.9437533789436514,0.9785237068965518,1.0,69.12068965517241
ln15,1,31,0.9172012054949594,0.9722412109375,1.0,70.40625
ln15,1,32,0.7233536754843319,0.8635841346153846,1.0,56.50769230769231
ln15,1,33,1.1144218530471646,0.9925327620967744,1.0,77.11290322580645
ln15,1,34,0.9002472162954778,0.9692993951612903,1.0,70.04838709677419
ln15,1,35,0.8260601917201799,0.9685381355932203,1.0,66.27118644067797
ln15,1,36,0.7868558243040101,0.9339036016949153,1.0,64.20338983050847
ln15,1,37,0.7703977459110247,0.9424110991379312,1.0,62.05172413793103
ln15,1,38,0.6995952355852801,0.7237916666666667,0.8674575138999309,46.4
ln15,1,39,1.6422160281714866,1.0083723958333333,1.0,89.26666666666667
ln15,1,40,0.6434504318115454,0.19788810483870972,0.3281869906463112,13.0
ln15,1,41,0.8203843231293066,0.9615185546875,1.0,66.6875
ln15,1,42,0.7270511371745063,0.8724308401639345,1.0,56.442622950819676
ln15,1,43,1.0517159336900905,0.9815364583333331,1.0,74.25
ln15,1,44,0.9265862405031169,0.9671370192307692,1.0,69.41538461538461
ln15,1,45,1.1525389129186563,0.9847594246031747,1.0,79.0952380952381
ln15,1,46,1.5525639788927337,1.0019825819672132,1.0,87.27868852459017
ln15,1,47,1.1034520595921604,0.9904048295454544,1.0,76.39393939393939
ln15,1,48,0.8051866590345713,0.960056573275862,1.0,64.96551724137932
ln15,1,49,0.8669672889116983,0.9623076923076923,1.0,67.06153846153846
ln15,1,50,0.7878901525575595,0.9493265086206897,1.0,63.94827586206897
ln15,1,51,0.7630896839265965,0.9299879807692307,1.0,61.4
ln15,1,53,1.8070336788157475,1.0045554956896552,1.0,95.44827586206897
ln15,1,54,0.7086195801869735,0.7895849609375001,1.0,51.609375
ln15,1,55,1.0976422026777928,0.9907574152542372,1.0,76.08474576271186
ln15,1,56,0.7955327233220217,0.9562351190476192,1.0,65.7936507936508
ln15,2,1,1.1484126885933001,0.9941777663934426,1.0,76.81967213114754
ln15,2,2,1.196207093631561,0.994173076923077,1.0,77.26153846153846
ln15,2,3,1.4903801519685858,1.001287878787879,1.0,88.60606060606061
ln15,2,4,0.9543483131120061,0.9764295708955223,1.0,69.0
ln15,2,5,1.4177443117544775,0.9978653846153845,1.0,85.1076923076923
ln15,2,6,1.121108332418233,0.9959878177966103,1.0,78.0
ln15,2,7,0.7699988611318864,0.942484631147541,1.0,63.47540983606557
ln15,2,8,0.7866719368807318,0.9503389830508474,1.0,63.86440677966102
ln15,2,9,0.7991738175105881,0.9480704365079364,1.0,64.19047619047619
ln15,2,11,0.641207436474337,0.23447076612903228,0.31786904972037067,15.290322580645162
ln15,2,12,0.9138333242786677,0.9699099576271185,1.0,67.45762711864407
ln15,2,13,0.9392424387193427,0.983596153846154,1.0,70.64615384615385
ln15,2,14,0.8789717186393862,0.9640916313559322,1.0,68.03389830508475
ln15,2,15,0.653321521013896,0.28721827651515147,0.3795807520278034,18.53030303030303
ln15,2,16,1.1216720074343125,0.983485383064516,1.0,76.38709677419355
ln15,2,17,1.1142558307336854,0.9927215485074624,1.0,75.73134328358209
ln15,2,18,0.9892638220998197,0.9821093750000001,1.0,73.359375
ln15,2,19,0.777283513662095,0.9405115927419356,1.0,61.88709677419355
ln15,2,20,1.4854170396548754,1.0049883395522388,1.0,86.71641791044776
ln15,2,21,1.2952022873161835,1.0012450396825399,1.0,81.33333333333333
ln15,2,22,1.0559274793156948,0.9890820312499999,1.0,74.90625
ln15,2,23,0.8578813404831109,0.9675705645161292,1.0,69.2741935483871
ln15,2,24,0.9286801545792419,0.9673078893442624,1.0,68.40983606557377
ln15,2,25,0.675558038369533,0.4422668269230769,0.54530437498856,28.23076923076923
ln15,2,26,0.931415364493333,0.9742471590909092,1.0,67.86363636363636
ln15,2,27,0.9237795701498289,0.9772224813432836,1.0,70.50746268656717
ln15,2,28,1.5461236068101065,0.9998821721311475,1.0,86.14754098360656
ln15,2,29,0.8849479058863674,0.9666790674603175,1.0,68.15873015873017
ln15,2,30,1.0750474590687675,0.9952976190476193,1.0,75.96825396825396
ln15,2,31,0.9513069321782521,0.9792732007575757,1.0,69.33333333333333
ln15,2,32,1.2206145298469409,0.996953125,1.0,77.20967741935483
ln15,2,33,0.817731354324119,0.9571001059322034,1.0,64.0677966101695
ln15,2,34,1.183158479038021,1.0053857421874999,1.0,78.78125
ln15,2,35,0.8991777738605989,0.9692591594827588,1.0,67.48275862068965
ln15,2,36,1.0169836960872864,0.9854450757575759,1.0,72.6969696969697
ln15,2,37,0.8243854916860682,0.9516552734375001,1.0,63.796875
ln15,2,38,0.9280345464733935,0.9716772460937502,1.0,69.640625
ln15,2,39,0.9589384142538737,0.983561970338983,1.0,72.11864406779661
ln15,2,40,1.2064052991547187,1.0026941287878788,1.0,79.9090909090909
ln15,2,41,1.0721329820184151,0.9813525390625,1.0,73.484375
ln15,2,42,0.7732792649139889,0.9390648674242424,1.0,61.24242424242424
ln15,2,43,1.4843315802250043,0.9994713541666667,1.0,86.28333333333333
ln15,2,44,0.6985353417435698,0.6740572033898304,0.8481424546637744,43.54237288135593
ln15,2,45,0.8596262688798818,0.9640254237288136,1.0,68.91525423728814
ln15,2,46,0.9150182738889726,0.9782788825757576,1.0,70.18181818181819
ln15,2,48,0.7912971522039288,0.9387080223880596,1.0,64.58208955223881
ln15,2,49,1.0320409034567035,0.9833877840909091,1.0,72.8030303030303
ln15,2,50,1.147751679530728,0.9945581896551725,1.0,75.87931034482759
ln15,2,51,1.132105539576205,0.9895722336065575,1.0,77.0327868852459
ln15,2,52,0.7980902061955237,0.9533770161290324,1.0,64.87096774193549
ln15,2,53,0.9796373000902379,0.9819703389830509,1.0,72.50847457627118
ln15,2,54,1.290355606235303,1.0021899038461537,1.0,81.70769230769231
ln15,2,55,0.7540370015645318,0.9266595643939394,1.0,62.31818181818182
ln15,3,1,1.0632407776254091,0.9922353830645163,1.0,74.01612903225806
ln15,3,2,1.0221269995946616,0.9839267418032787,1.0,73.57377049180327
ln15,3,3,0.9691748141497053,0.9787994791666669,1.0,71.1
ln15,3,4,1.409292574723763,0.9966525423728813,1.0,84.28813559322033
ln15,3,5,0.8054771210783762,0.957294921875,1.0,64.765625
ln15,3,6,0.7376485354959367,0.8902587890625,1.0,58.96875
ln15,3,7,1.104569861031151,0.988761660447761,1.0,75.4776119402985
ln15,3,8,1.10484338202256,0.9956804435483873,1.0,76.69354838709677
ln15,3,9,1.2086418260901033,0.9994965277777778,1.0,78.96825396825396
ln15,3,10,0.7904288462638587,0.9445099431818182,1.0,63.78787878787879
ln15,3,11,1.1196572542757461,0.9907668269230767,1.0,77.52307692307693
ln15,3,12,0.9725075811846676,0.9857235576923078,1.0,73.32307692307693
ln15,3,14,1.5521546214630233,0.9997372159090908,1.0,90.92424242424242
ln15,3,15,0.6784940767592983,0.4486962890625,0.5744618258835121,29.140625
ln15,3,16,1.0685590360011632,0.9812019230769231,1.0,74.58461538461539
ln15,3,17,0.8349785777396158,0.9567088293650794,1.0,66.38095238095238
ln15,3,18,0.9052833291440574,0.9699655720338982,1.0,68.54237288135593
ln15,3,19,0.787202037811154,0.9545989583333333,1.0,63.81666666666667
ln15,3,20,1.0175208814578016,0.9894384765625001,1.0,74.03125
ln15,3,21,1.1414828741060006,0.9919105113636364,1.0,76.68181818181819
ln15,3,22,0.9133842323806107,0.9774925595238094,1.0,68.93650793650794
ln15,3,23,0.8408503465000119,0.9646709280303032,1.0,65.28787878787878
ln15,3,24,0.6870761058838932,0.4962197580645161,0.6735086321310112,31.85483870967742
ln15,3,25,1.27956507991656,0.9950957661290324,1.0,81.80645161290323
ln15,3,26,1.0789226477995308,0.9818647540983607,1.0,75.57377049180327
ln15,3,27,1.1852388402722294,1.0013899253731344,1.0,78.65671641791045
ln15,3,28,1.128636012045538,0.9951870265151516,1.0,77.95454545454545
ln15,3,29,0.7997901637986621,0.9546295362903227,1.0,64.88709677419355
ln15,3,30,0.8612057910014423,0.9715052083333334,1.0,68.5
ln15,3,31,0.8870732379142084,0.9721354166666667,1.0,69.04761904761905
ln15,3,32,0.9867953567561795,0.9826588114754098,1.0,72.63934426229508
ln15,3,33,1.0640979948766383,0.9897845643939392,1.0,75.46969696969697
ln15,3,34,0.9743658606229234,0.9815957991803278,1.0,71.26229508196721
ln15,3,35,0.8146052681283861,0.9617495265151514,1.0,66.37878787878788
ln15,3,36,0.9328316364736247,0.9773490466101694,1.0,70.69491525423729
ln15,3,37,0.9677653185903721,0.9781835937500001,1.0,69.84375
ln15,3,38,0.6134807860659117,0.1473554104477612,0.22042651042709357,9.17910447761194
ln15,3,39,0.9657123710591314,0.9707882462686569,1.0,72.35820895522389
ln15,3,40,0.8792631047405944,0.9779925847457628,1.0,68.2542372881356
ln15,3,41,0.7068358413792595,0.7472088068181817,1.0,49.03030303030303
ln15,3,42,0.712447641990163,0.8325922131147542,1.0,54.39344262295082
ln15,3,43,1.5382195278004795,0.9853567708333334,1.0,86.38333333333334
ln15,3,44,1.2983237532248995,0.988454326923077,1.0,84.36923076923077
ln15,3,45,0.9541317756604738,0.97337890625,1.0,71.046875
ln15,3,46,0.7848361428392922,0.9452769886363637,1.0,63.84848484848485
ln15,3,47,0.8783858662456249,0.9638037109375,1.0,65.859375
ln15,3,48,0.9273529001288119,0.97591064453125,1.0,69.875
ln15,3,49,0.9609978301869381,0.9868591101694916,1.0,72.16949152542372
ln15,3,50,1.0528857903628066,0.9885264008620689,1.0,76.01724137931035
ln15,3,51,0.6260208610684425,0.15936755952380954,0.25852614151877107,10.507936507936508
ln15,3,52,1.6382385770880792,1.0083392137096774,1.0,91.04838709677419
ln15,3,54,1.4879123026632144,1.0052612304687503,1.0,88.859375
par25,1,1,1.0049975734760341,1.0004175204918033,1.0,84.27868852459017
par25,1,2,1.0019420816298923,1.000530753968254,1.0,84.03174603174604
par25,1,3,1.0132083949130586,1.0014735576923077,1.0,84.6923076923077
par25,1,4,0.9265971909476824,1.0008515625,1.0,79.11666666666666
par25,1,5,1.0251240175764313,1.0006350806451612,1.0,85.95161290322581
par25,1,6,1.007968713189547,0.9982759533898304,1.0,84.77966101694915
par25,1,7,0.9876235596674232,0.9981492456896552,1.0,82.93103448275862
par25,1,8,1.005789321786788,0.9997060381355931,1.0,84.13559322033899
par25,1,9,0.9957874065635225,0.9981223958333334,1.0,83.75
par25,1,10,1.0248488629402062,0.999501953125,1.0,85.578125
par25,1,11,0.9512964550763614,1.002041843220339,1.0,81.13559322033899
par25,1,12,0.9888320176154158,1.0002242943548385,1.0,83.33870967741936
par25,1,13,0.9979507609590303,1.0016051136363637,1.0,83.78787878787878
par25,1,14,1.0011199008880554,1.0005216346153847,1.0,84.15384615384616
par25,1,15,0.9637611242557084,0.9995454545454545,1.0,81.66666666666667
par25,1,16,1.0733448991438228,1.0019862288135593,1.0,88.66101694915254
par25,1,17,0.9963404939002213,0.9995913461538459,1.0,84.15384615384616
par25,1,18,1.0153063385230847,0.9995442708333333,1.0,85.36666666666666
par25,1,19,1.0968248456188117,0.9935724431818183,1.0,90.06060606060606
par25,1,20,1.0109500812305192,0.9993027052238806,1.0,84.58208955223881
par25,1,21,0.9990581983889043,0.9986572265625,1.0,83.953125
par25,1,22,0.9999233128509417,1.0011432291666666,1.0,83.9
par25,1,23,1.0104827350585737,0.9971748991935484,1.0,84.59677419354838
par25,1,24,0.9522385976834641,1.0009495192307691,1.0,80.49230769230769
par25,1,25,0.9104250687533864,1.001257560483871,1.0,78.03225806451613
par25,1,26,1.030477726209769,0.9973095703125,1.0,86.140625
par25,1,27,1.0166005376358302,1.000764678030303,1.0,85.21212121212122
par25,1,28,0.9913686428253715,0.9988328598484848,1.0,83.5909090909091
par25,1,29,1.0441161275340056,1.0012832991803278,1.0,86.95081967213115
par25,1,30,0.9544895873784397,0.9996794181034483,1.0,80.79310344827586
par25,1,31,1.0535533380609885,0.9995659722222222,1.0,87.63492063492063
par25,1,32,1.0210522593180176,1.0000697115384616,1.0,85.32307692307693
par25,1,33,0.9797351199588445,1.0011340725806452,1.0,82.41935483870968
par25,1,34,0.9791696576086761,0.9999900793650792,1.0,82.60317460317461
par25,1,35,0.9493391825378155,0.9993220338983051,1.0,80.50847457627118
par25,1,36,1.0771094287515088,1.0007994791666668,1.0,89.13333333333334
par25,1,37,0.9394833682388788,0.9980376059322035,1.0,80.11864406779661
par25,1,38,1.0654959837129583,1.0019973958333332,1.0,88.38333333333334
par25,1,39,0.8672711238235237,0.9996432291666666,1.0,74.98333333333333
par25,1,40,0.9606851757546475,0.9979057459677417,1.0,81.41935483870968
par25,1,41,0.8920599173863852,1.000126953125,1.0,76.8125
par25,1,42,1.011142146490592,1.000763608870968,1.0,84.54838709677419
par25,1,43,0.9469582552014099,1.00171875,1.0,80.6
par25,1,44,0.9895953539054488,0.9987620192307693,1.0,83.23076923076923
par25,1,45,1.0340337747231882,1.001049107142857,1.0,86.31746031746032
par25,1,46,1.045709347380382,0.9995286885245901,1.0,86.8688524590164
par25,1,47,1.0064070622550827,0.9993581730769231,1.0,84.35384615384615
par25,1,48,0.9947086337056645,1.0021282327586205,1.0,83.72413793103448
par25,1,49,1.1096807167545726,0.9999786931818182,1.0,91.4090909090909
par25,1,50,0.940987690029311,0.9996821120689654,1.0,79.96551724137932
par25,1,51,1.0333083211274496,0.9998557692307691,1.0,86.43076923076923
par25,1,52,1.0696173683008978,1.0021020507812501,1.0,88.96875
par25,1,53,0.9511567942100625,1.0012261652542374,1.0,80.91525423728814
par25,1,54,1.0163104824731826,1.00024169921875,1.0,85.09375
par25,2,1,1.0619835002979778,0.999359631147541,1.0,88.08196721311475
par25,2,2,0.9544683730696347,0.9993076923076922,1.0,81.21538461538462
par25,2,3,0.9217416397443164,0.9970217803030306,1.0,78.63636363636364
par25,2,4,1.0261108617628014,0.9995988805970148,1.0,85.82089552238806
par25,2,5,0.9763854058536825,0.9989110576923077,1.0,82.41538461538461
par25,2,6,1.0389720364757635,0.9986484375,1.0,86.63333333333334
par25,2,7,1.0216984118070331,0.9998984375000001,1.0,85.53333333333333
par25,2,8,1.0291067515032535,0.9992531779661019,1.0,85.83050847457628
par25,2,9,0.9537031426448871,1.0000868055555554,1.0,81.03174603174604
par25,2,10,0.9357065898933709,1.000454326923077,1.0,79.76923076923077
par25,2,11,1.006184817115222,0.9997555443548388,1.0,84.01612903225806
par25,2,12,1.0714897836042243,1.0015280720338984,1.0,88.84745762711864
par25,2,13,1.1372324214879752,1.0006875000000002,1.0,93.13846153846154
par25,2,14,1.0192826323918764,1.0028336864406782,1.0,85.38983050847457
par25,2,15,1.0880258322150422,0.9983333333333333,1.0,89.65151515151516
par25,2,16,1.0155199969189053,0.9992633928571428,1.0,85.06349206349206
par25,2,17,1.0156712751447876,0.9990694962686569,1.0,84.85074626865672
par25,2,18,0.8948992253237534,1.00222900390625,1.0,77.140625
par25,2,19,0.9751472731284926,0.9981426411290324,1.0,82.3225806451613
par25,2,20,1.0109816501424316,0.9984864738805971,1.0,84.55223880597015
par25,2,21,0.9641346476214515,1.0009573412698411,1.0,81.61904761904762
par25,2,22,0.975403738968866,1.00135009765625,1.0,82.40625
par25,2,23,0.9784188226077604,0.9975529233870968,1.0,82.46774193548387
par25,2,24,0.9612513957587018,0.9996354166666666,1.0,81.31666666666666
par25,2,25,1.0559159554284852,0.9991370192307691,1.0,87.6923076923077
par25,2,26,1.0634307454956728,0.9981368371212119,1.0,88.0
par25,2,27,0.9852584167869738,0.9982042910447764,1.0,82.92537313432835
par25,2,28,1.0680687237581412,1.0002510245901641,1.0,88.50819672131148
par25,2,29,1.0595683522610597,1.0003323412698413,1.0,88.0952380952381
par25,2,30,0.9528719963320672,1.001140873015873,1.0,80.9047619047619
par25,2,31,1.0589304076891413,1.000389423076923,1.0,87.98461538461538
par25,2,32,1.131434853953154,1.0013063524590164,1.0,92.77049180327869
par25,2,33,0.9965114711271368,0.9985143008474577,1.0,83.9322033898305
par25,2,34,0.9590026790253838,1.0017016601562498,1.0,81.53125
par25,2,35,1.0108399688657703,0.9993458686440676,1.0,84.91525423728814
par25,2,36,1.0057453778614063,0.9991287878787878,1.0,84.48484848484848
par25,2,37,0.9907295617726243,1.000999503968254,1.0,83.52380952380952
par25,2,38,1.0083447620682433,1.000419921875,1.0,84.515625
par25,2,39,0.9636097197541782,0.9986171875000002,1.0,81.75
par25,2,40,0.9739424771742818,1.0002012310606057,1.0,82.33333333333333
par25,2,41,1.0693731511983464,1.0013964843749998,1.0,88.75
par25,2,42,1.054367815988319,0.9993560606060605,1.0,87.86363636363636
par25,2,43,0.9993956069194202,0.9998828125,1.0,84.11666666666666
par25,2,44,0.9702025713178871,1.0001615466101694,1.0,82.35593220338983
par25,2,45,0.9797809580189407,0.9984427966101694,1.0,82.66101694915254
par25,2,46,1.0318021052023028,1.0002817234848487,1.0,86.21212121212122
par25,2,47,1.0978431324414462,1.001284722222222,1.0,90.55555555555556
par25,2,48,1.0855606790216557,0.9982439365671643,1.0,89.77611940298507
par25,2,49,0.9533921257247299,0.9973997201492536,1.0,80.7910447761194
par25,2,50,0.9668696518738624,1.0000700431034484,1.0,81.8103448275862
par25,2,51,0.974036047429189,1.0032402663934425,1.0,82.34426229508196
par25,2,52,0.9949774745595074,0.9996209016393441,1.0,83.52459016393442
par25,2,53,1.0064045367421297,1.0022890625,1.0,84.41666666666667
par25,2,54,1.0887259044056035,1.0005841346153845,1.0,89.78461538461538
par25,3,1,1.0469344737138642,1.0008442540322582,1.0,87.35483870967742
par25,3,2,0.9351642359867222,1.0001310483870969,1.0,79.88709677419355
par25,3,3,0.9533258310097145,1.0027459016393443,1.0,81.09836065573771
par25,3,4,1.019517505096502,1.0005985169491527,1.0,85.10169491525424
par25,3,5,1.073105101688939,0.9997998046875001,1.0,88.546875
par25,3,6,1.0184912629080658,0.99887939453125,1.0,84.703125
par25,3,7,1.0385579786271255,0.9997667910447762,1.0,86.5223880597015
par25,3,8,0.9605624358251336,1.0002142137096774,1.0,81.37096774193549
par25,3,9,0.9921721347713565,0.9988810483870968,1.0,83.7258064516129
par25,3,10,0.987502335045681,1.0012239583333333,1.0,83.37878787878788
par25,3,11,0.9653943734823892,0.9985629734848486,1.0,81.71212121212122
par25,3,12,1.0499647104304763,0.9997875976562499,1.0,87.328125
par25,3,13,1.0208307718320426,0.9988508064516131,1.0,85.35483870967742
par25,3,14,1.0771346838810387,1.0006013257575759,1.0,89.0
par25,3,15,1.0594382883439821,1.0029638671874999,1.0,88.0625
par25,3,16,1.077516793990822,1.00083740234375,1.0,89.09375
par25,3,17,1.0292595450369078,0.9994657258064515,1.0,85.7741935483871
par25,3,18,0.906302800235913,1.0014115466101694,1.0,77.72881355932203
par25,3,19,0.9744997316073529,1.000953125,1.0,82.41666666666667
par25,3,20,1.039466784463249,0.9988354492187501,1.0,86.59375
par25,3,21,0.9545647213887903,1.0010606060606062,1.0,81.0909090909091
par25,3,22,0.9925484362013479,0.9999057539682541,1.0,83.61904761904762
par25,3,23,0.972054024863704,1.0022737873134329,1.0,82.17910447761194
par25,3,24,0.9568611703169192,1.000017361111111,1.0,81.01587301587301
par25,3,25,1.0160370956960243,1.0018477182539682,1.0,85.15873015873017
par25,3,26,1.0465209209678166,1.0025537909836066,1.0,87.26229508196721
par25,3,27,0.9952424008682732,1.000051305970149,1.0,83.68656716417911
par25,3,28,1.0198124850094081,0.9982954545454545,1.0,85.37878787878788
par25,3,29,0.9540113815007962,0.9983492943548389,1.0,80.54838709677419
par25,3,30,0.968954841643476,0.9992682291666667,1.0,81.65
par25,3,31,0.985458942515439,0.9994072420634921,1.0,82.85714285714286
par25,3,32,0.9874145734705656,0.9979610655737705,1.0,83.19672131147541
par25,3,33,0.9484808869607511,1.0000639204545454,1.0,80.63636363636364
par25,3,34,1.0935080894576859,0.998191598360656,1.0,90.39344262295081
par25,3,35,0.9501542918433841,1.0027272727272727,1.0,80.83333333333333
par25,3,36,1.065401276977222,1.0021551724137931,1.0,88.22413793103448
par25,3,37,1.0168693784896732,0.99944580078125,1.0,84.984375
par25,3,38,0.9357049483099514,0.9997597947761194,1.0,79.4776119402985
par25,3,39,0.9289869575794232,0.9991954291044777,1.0,79.1044776119403
par25,3,40,1.0216044627251828,1.0010699152542373,1.0,85.37288135593221
par25,3,41,0.99335154932039,0.9998533653846152,1.0,83.56923076923077
par25,3,42,1.1070351156606966,1.0004088541666667,1.0,91.13333333333334
par25,3,43,0.9567236561366304,1.0013203125,1.0,81.3
par25,3,44,1.008468638478586,1.0007623106060606,1.0,84.66666666666667
par25,3,45,0.9829465622298318,0.9991129807692308,1.0,82.73846153846154
par25,3,46,1.0643227566706592,0.9994270833333335,1.0,88.53030303030303
par25,3,47,0.8923411332536976,0.9985546875,1.0,76.421875
par25,3,48,0.897947266906684,0.9991552734375,1.0,77.3125
par25,3,49,0.9359457559700165,0.9992505296610168,1.0,79.79661016949153
par25,3,50,1.185691837753774,0.9973491379310343,1.0,96.60344827586206
par25,3,51,1.0043121492606,1.000079365079365,1.0,84.07936507936508
par25,3,52,1.004741739013899,1.000015120967742,1.0,84.11290322580645
par25,3,53,1.0234686701114122,1.0003744612068965,1.0,85.44827586206897
par25,3,54,1.085607906113876,1.002587890625,1.0,89.734375
