law,n,cvR,sd_sim,sd_pred,e_mean,ratio
det,50,0.109,0.2097,0.1083,1.017,1.936
det,100,0.111,0.1345,0.0783,1.014,1.718
det,200,0.117,0.0399,0.0585,1.019,0.682
det,400,0.122,0.0291,0.0431,1.013,0.675
det,800,0.112,0.0206,0.028,1.017,0.736
exp,50,0.71,0.7893,0.7074,1.006,1.116
exp,100,0.722,0.5834,0.509,1.02,1.146
exp,200,0.728,0.4469,0.3629,1.023,1.231
exp,400,0.731,0.3252,0.2577,1.026,1.262
exp,800,0.732,0.2431,0.1824,1.013,1.333
ln1,50,0.85,0.9351,0.8475,1.021,1.103
ln1,100,0.891,0.7147,0.628,1.016,1.138
ln1,200,0.923,0.5336,0.4598,1.044,1.161
ln1,400,0.935,0.3926,0.3296,1.024,1.191
ln1,800,0.951,0.2952,0.237,1.02,1.246
par25,50,0.454,0.5696,0.4527,1.007,1.258
par25,100,0.496,0.4418,0.3496,1.01,1.264
par25,200,0.525,0.3188,0.2617,1.005,1.218
par25,400,0.556,0.2472,0.196,1.008,1.261
par25,800,0.574,0.1834,0.143,1.005,1.283
