law,L_over_c,e_sim,e_theory,sd_sim
det,0.8,0.0,0.0,0.0
det,0.9,0.0,0.0,0.0
det,0.95,0.148,0.212,0.007
det,1.0,0.403,0.473,0.012
det,1.05,0.619,0.692,0.016
det,1.1,0.865,0.926,0.012
det,1.15,1.003,1.0,0.008
det,1.2,1.01,1.0,0.009
det,1.3,1.012,1.0,0.019
det,1.4,1.013,1.0,0.029
exp,0.8,0.005,0.0,0.337
exp,0.9,-0.004,0.0,0.31
exp,0.95,0.163,0.212,0.338
exp,1.0,0.407,0.473,0.336
exp,1.05,0.636,0.692,0.345
exp,1.1,0.854,0.926,0.327
exp,1.15,0.99,1.0,0.354
exp,1.2,1.014,1.0,0.339
exp,1.3,1.04,1.0,0.326
exp,1.4,1.026,1.0,0.325
ln1,0.8,-0.003,0.0,0.428
ln1,0.9,0.016,0.0,0.411
ln1,0.95,0.146,0.212,0.432
ln1,1.0,0.405,0.473,0.421
ln1,1.05,0.613,0.692,0.437
ln1,1.1,0.858,0.926,0.421
ln1,1.15,1.018,1.0,0.423
ln1,1.2,0.991,1.0,0.417
ln1,1.3,1.0,1.0,0.383
ln1,1.4,1.024,1.0,0.393
