,util,util,meanLatOverS,meanLatOverS,p99OverS,p99OverS,limitOverC,limitOverC
dist,exp,ln1,exp,ln1,exp,ln1,exp,ln1
ctl,,,,,,,,
vegas,0.0945,0.0966,1.0002,0.9992,4.583,6.1827,0.0954,0.0975
vegasW,0.9987,0.9982,1.0425,1.0367,4.8097,6.4443,1.0557,1.0501
g2,0.3198,0.3364,1.0001,1.0001,4.6072,6.2036,0.3225,0.339
g2W,1.0,1.0,2.9696,2.9465,14.0797,18.5402,2.9837,2.9617
grad,0.1276,0.1356,0.9988,1.0017,4.5915,6.212,0.1286,0.1365
gradW,1.0,1.0,2.1839,2.155,10.0742,13.3885,2.1977,2.171
aimd,1.0,1.0,15.6154,15.592,72.0452,96.8205,15.625,15.6225
envoy,0.9489,0.9959,1.2933,1.3976,6.1369,8.7567,1.2472,1.4074
failsafe,0.863,0.8443,1.0464,1.0358,4.8445,6.4325,0.9145,0.8867
delta,0.9794,0.98,1.1299,1.1607,5.2849,7.2952,1.1209,1.1523
static,0.9853,0.9853,1.0009,1.0002,4.6177,6.2165,1.0,1.0
