utilization_fraction_of_oracle,mean_RTT_over_service_time_max,Delta,Envoy,Vegas+W,failsafe-go,Gradient2+W
0.9,1.25,141/159,46/159,83/159,40/159,12/159
0.9,1.5,153/159,110/159,100/159,52/159,27/159
0.9,2.0,157/159,118/159,113/159,80/159,30/159
0.95,1.25,141/159,42/159,83/159,21/159,12/159
0.95,1.5,153/159,106/159,100/159,29/159,27/159
0.95,2.0,157/159,114/159,113/159,56/159,30/159
0.98,1.25,141/159,39/159,83/159,13/159,12/159
0.98,1.5,153/159,101/159,100/159,19/159,27/159
0.98,2.0,154/159,109/159,113/159,42/159,30/159
