window_start_s,window_end_s,minrtt_ms,restored_limit
0.000000,0.177499,9.542932,3
60.909499,61.107520,8.781355,93
125.505520,125.685206,8.149568,84
189.525206,189.708250,8.337095,75
251.982250,252.198908,8.621298,84
313.649908,313.831210,8.151123,84
379.149210,379.340883,8.827664,82
445.281883,445.474594,8.505889,90
514.367594,514.553228,8.078087,83
578.568228,578.765043,8.751875,77
643.203043,643.403030,8.752740,86
711.365030,711.541890,6.984598,87
778.901890,779.112653,10.224074,69
845.572653,845.770200,7.732079,102
909.613200,909.825877,9.754273,76
978.371877,978.570008,9.353191,95
1044.717008,1044.919494,8.077052,94
1111.311494,1111.514044,9.460856,82
1176.012044,1176.206815,9.311568,93
1236.922815,1237.124464,8.243716,91
1298.995464,1299.216754,8.388714,79
1364.866754,1365.085517,9.716401,84
1432.666517,1432.865525,8.883138,92
1497.823525,1498.026248,7.981238,86
1566.512248,1566.685714,7.207097,76
1631.401714,1631.595556,8.337831,72
1696.126556,1696.318971,8.776119,82
1759.550971,1759.753724,8.192244,86
1828.092724,1828.290328,9.166965,79
1896.082328,1896.270074,8.857358,90
1960.231074,1960.435401,9.367757,87
2022.129401,2022.323067,8.405151,89
2087.783067,2088.003524,9.107304,86
2151.259524,2151.435503,7.903646,90
2219.698503,2219.876385,8.268689,80
2283.577385,2283.770850,8.885103,79
2351.867850,2352.040377,7.512688,86
2412.259377,2412.456435,8.387019,73
2478.406435,2478.581725,8.200737,84
2546.790725,2546.984387,8.678925,79
2615.852387,2616.043928,8.483221,87
2676.709928,2676.897673,8.778484,81
2744.255673,2744.456465,8.473117,92
2807.388465,2807.586374,9.085887,81
2870.102374,2870.285125,7.700298,87
2937.927125,2938.118708,8.610943,75
3004.350708,3004.555130,9.672346,85
3073.131130,3073.323380,8.953687,91
3139.275380,3139.479023,9.617938,90
3205.602023,3205.777972,7.213605,93
3266.742972,3266.980971,10.816513,72
3326.984971,3327.173503,7.926470,105
3392.705503,3392.878039,7.355359,80
3456.366039,3456.552809,9.161994,75
3516.676809,3516.864813,9.343731,86
3582.857813,3583.065567,9.665815,92
