c,dist,rho,seed,delta_util,oracle_util,delta_meanLatOverS,delta_limitOverC,good
8.0,det,1.3,101.0,0.9693,0.8388,1.269,1.4429,1
8.0,det,1.3,202.0,0.9548,0.8353,1.2243,1.3831,1
8.0,det,1.3,303.0,0.9464,0.8338,1.2132,1.3622,1
8.0,det,2.7,101.0,0.9818,0.9376,1.24,1.2776,1
8.0,det,2.7,202.0,0.9796,0.9394,1.2218,1.2574,1
8.0,det,2.7,303.0,0.9799,0.9378,1.2321,1.268,1
8.0,det,4.3,101.0,0.9862,0.9648,1.2468,1.2654,1
8.0,det,4.3,202.0,0.988,0.9659,1.2594,1.2773,1
8.0,det,4.3,303.0,0.9868,0.9653,1.2507,1.2682,1
8.0,exp,1.3,101.0,0.9419,0.8457,1.2688,1.4465,1
8.0,exp,1.3,202.0,0.9585,0.8324,1.3621,1.6686,1
8.0,exp,1.3,303.0,0.9395,0.8346,1.2488,1.4672,1
8.0,exp,2.7,101.0,0.9671,0.9388,1.1615,1.1887,1
8.0,exp,2.7,202.0,0.9923,0.9384,1.3502,1.4432,1
8.0,exp,2.7,303.0,0.9685,0.9371,1.1635,1.2068,1
8.0,exp,4.3,101.0,0.9799,0.9661,1.1986,1.2122,1
8.0,exp,4.3,202.0,0.9847,0.9638,1.2091,1.2541,1
8.0,exp,4.3,303.0,0.9711,0.9645,1.159,1.1706,1
8.0,ln05,1.3,101.0,0.9457,0.8416,1.2155,1.3641,1
8.0,ln05,1.3,202.0,0.9577,0.8368,1.2698,1.4586,1
8.0,ln05,1.3,303.0,0.9565,0.8337,1.274,1.4652,1
8.0,ln05,2.7,101.0,0.9704,0.9395,1.1854,1.2044,1
8.0,ln05,2.7,202.0,0.9819,0.9391,1.2432,1.2799,1
8.0,ln05,2.7,303.0,0.9875,0.9381,1.2923,1.3427,1
8.0,ln05,4.3,101.0,0.9788,0.9651,1.1911,1.192,1
8.0,ln05,4.3,202.0,0.9878,0.9666,1.2873,1.303,1
8.0,ln05,4.3,303.0,0.9943,0.9654,1.3344,1.363,1
8.0,ln1,1.3,101.0,0.9806,0.8414,1.6824,1.9036,0
8.0,ln1,1.3,202.0,0.9792,0.8332,1.6711,2.0092,0
8.0,ln1,1.3,303.0,0.9537,0.838,1.3402,1.565,1
8.0,ln1,2.7,101.0,0.9998,0.9385,2.0402,2.0553,0
8.0,ln1,2.7,202.0,0.9958,0.9398,1.4121,1.4787,1
8.0,ln1,2.7,303.0,0.9959,0.9393,1.6646,1.724,0
8.0,ln1,4.3,101.0,0.9999,0.9655,2.1,2.0816,0
8.0,ln1,4.3,202.0,0.9996,0.9652,1.4961,1.5338,1
8.0,ln1,4.3,303.0,1.0,0.9652,1.9817,2.012,0
8.0,ln15,1.3,101.0,0.9975,0.8472,3.4308,3.7362,0
8.0,ln15,1.3,202.0,0.9825,0.838,2.0998,2.633,0
8.0,ln15,1.3,303.0,0.8923,0.835,1.1587,1.2594,1
8.0,ln15,2.7,101.0,0.9964,0.942,2.0991,2.0459,0
8.0,ln15,2.7,202.0,0.9999,0.9386,2.0582,2.168,0
8.0,ln15,2.7,303.0,0.9797,0.9385,1.3424,1.3894,1
8.0,ln15,4.3,101.0,0.998,0.9667,2.0884,2.0048,0
8.0,ln15,4.3,202.0,1.0,0.9647,2.1058,2.1717,0
8.0,ln15,4.3,303.0,0.9934,0.9658,1.2931,1.3129,1
8.0,par25,1.3,101.0,0.9482,0.8418,1.2158,1.3838,1
8.0,par25,1.3,202.0,0.9612,0.8321,1.329,1.5582,1
8.0,par25,1.3,303.0,0.9317,0.8351,1.1632,1.3162,1
8.0,par25,2.7,101.0,0.9699,0.9402,1.1559,1.1893,1
8.0,par25,2.7,202.0,0.994,0.9383,1.3264,1.4067,1
8.0,par25,2.7,303.0,0.9659,0.9387,1.1472,1.1767,1
8.0,par25,4.3,101.0,0.9708,0.9648,1.1442,1.1508,1
8.0,par25,4.3,202.0,0.9979,0.9648,1.4567,1.5124,1
8.0,par25,4.3,303.0,0.9723,0.9652,1.1446,1.1506,1
32.0,det,1.3,101.0,0.9726,0.9331,1.1071,1.1524,1
32.0,det,1.3,202.0,0.9741,0.9329,1.1046,1.1523,1
32.0,det,1.3,303.0,0.9737,0.934,1.1031,1.1485,1
32.0,det,2.7,101.0,0.9761,0.9822,1.1073,1.0993,1
32.0,det,2.7,202.0,0.9762,0.982,1.1043,1.0963,1
32.0,det,2.7,303.0,0.9762,0.9822,1.1053,1.0976,1
32.0,det,4.3,101.0,0.9778,0.9909,1.0976,1.0824,1
32.0,det,4.3,202.0,0.9781,0.9907,1.0961,1.0809,1
32.0,det,4.3,303.0,0.9784,0.9907,1.0962,1.0812,1
32.0,exp,1.3,101.0,0.9763,0.9324,1.175,1.2388,1
32.0,exp,1.3,202.0,0.9768,0.9304,1.1733,1.2672,1
32.0,exp,1.3,303.0,0.9811,0.9338,1.1669,1.2464,1
32.0,exp,2.7,101.0,0.9769,0.9826,1.1369,1.1299,1
32.0,exp,2.7,202.0,0.9763,0.982,1.0938,1.1049,1
32.0,exp,2.7,303.0,0.9837,0.9823,1.1397,1.1436,1
32.0,exp,4.3,101.0,0.9796,0.9908,1.146,1.1334,1
32.0,exp,4.3,202.0,0.9771,0.9905,1.0949,1.0979,1
32.0,exp,4.3,303.0,0.9668,0.9907,1.0892,1.0655,1
32.0,ln05,1.3,101.0,0.9753,0.9332,1.1187,1.1746,1
32.0,ln05,1.3,202.0,0.9766,0.9325,1.1216,1.1811,1
32.0,ln05,1.3,303.0,0.9748,0.9347,1.1268,1.1754,1
32.0,ln05,2.7,101.0,0.9859,0.9825,1.1295,1.1341,1
32.0,ln05,2.7,202.0,0.9747,0.9828,1.1012,1.0916,1
32.0,ln05,2.7,303.0,0.9769,0.9824,1.1085,1.0989,1
32.0,ln05,4.3,101.0,0.9865,0.9907,1.1235,1.1202,1
32.0,ln05,4.3,202.0,0.9754,0.9907,1.1,1.0823,1
32.0,ln05,4.3,303.0,0.9762,0.9908,1.1051,1.0854,1
32.0,ln1,1.3,101.0,0.9755,0.9326,1.1475,1.2177,1
32.0,ln1,1.3,202.0,0.9712,0.9332,1.1346,1.1947,1
32.0,ln1,1.3,303.0,0.9736,0.9349,1.1439,1.1932,1
32.0,ln1,2.7,101.0,0.9762,0.9825,1.1199,1.1193,1
32.0,ln1,2.7,202.0,0.9694,0.9826,1.1038,1.0885,1
32.0,ln1,2.7,303.0,0.9629,0.9824,1.0948,1.0669,1
32.0,ln1,4.3,101.0,0.9643,0.9906,1.1,1.0768,1
32.0,ln1,4.3,202.0,0.9712,0.9908,1.1048,1.0835,1
32.0,ln1,4.3,303.0,0.9744,0.9907,1.1155,1.0923,1
32.0,ln15,1.3,101.0,0.9252,0.9339,1.0594,1.0919,1
32.0,ln15,1.3,202.0,0.9401,0.934,1.0946,1.126,1
32.0,ln15,1.3,303.0,0.9787,0.9355,1.2527,1.3312,1
32.0,ln15,2.7,101.0,0.9637,0.9825,1.5816,1.5591,0
32.0,ln15,2.7,202.0,0.9494,0.9828,1.0998,1.0661,1
32.0,ln15,2.7,303.0,0.9605,0.9828,1.1196,1.0804,1
32.0,ln15,4.3,101.0,1.0,0.9908,1.5802,1.6153,0
32.0,ln15,4.3,202.0,0.9949,0.9908,1.2439,1.251,1
32.0,ln15,4.3,303.0,0.8532,0.991,1.0762,0.9199,0
32.0,par25,1.3,101.0,0.9853,0.9338,1.1619,1.2213,1
32.0,par25,1.3,202.0,0.9684,0.9291,1.1004,1.1626,1
32.0,par25,1.3,303.0,0.9806,0.9354,1.1528,1.2086,1
32.0,par25,2.7,101.0,0.971,0.9826,1.1073,1.088,1
32.0,par25,2.7,202.0,0.9784,0.9822,1.0932,1.1017,1
32.0,par25,2.7,303.0,0.9765,0.9825,1.1237,1.114,1
32.0,par25,4.3,101.0,0.9692,0.9907,1.1046,1.0744,1
32.0,par25,4.3,202.0,0.9705,0.9905,1.0829,1.0739,1
32.0,par25,4.3,303.0,0.9805,0.9908,1.1493,1.1348,1
128.0,det,1.3,101.0,0.9793,0.9779,1.0867,1.0935,1
128.0,det,1.3,202.0,0.979,0.9777,1.0864,1.0928,1
128.0,det,1.3,303.0,0.9795,0.9781,1.087,1.0931,1
128.0,det,2.7,101.0,0.9799,0.9954,1.0928,1.0746,1
128.0,det,2.7,202.0,0.9799,0.9954,1.0927,1.0749,1
128.0,det,2.7,303.0,0.9795,0.9955,1.0926,1.0745,1
128.0,det,4.3,101.0,0.9796,0.9976,1.0926,1.0711,1
128.0,det,4.3,202.0,0.9799,0.9976,1.0928,1.072,1
128.0,det,4.3,303.0,0.9796,0.9976,1.0924,1.0711,1
128.0,exp,1.3,101.0,0.9835,0.9774,1.1538,1.1689,1
128.0,exp,1.3,202.0,0.9901,0.9783,1.1413,1.1613,1
128.0,exp,1.3,303.0,0.974,0.9781,1.0946,1.0967,1
128.0,exp,2.7,101.0,0.9787,0.9954,1.1076,1.0936,1
128.0,exp,2.7,202.0,0.9802,0.9955,1.1134,1.0968,1
128.0,exp,2.7,303.0,0.9873,0.9955,1.126,1.1192,1
128.0,exp,4.3,101.0,0.9833,0.9976,1.1302,1.1185,1
128.0,exp,4.3,202.0,0.9792,0.9976,1.0991,1.0791,1
128.0,exp,4.3,303.0,0.9747,0.9976,1.0978,1.0746,1
128.0,ln05,1.3,101.0,0.9772,0.9779,1.0888,1.0897,1
128.0,ln05,1.3,202.0,0.9816,0.9777,1.0907,1.101,1
128.0,ln05,1.3,303.0,0.9803,0.9779,1.091,1.096,1
128.0,ln05,2.7,101.0,0.9861,0.9955,1.1042,1.0921,1
128.0,ln05,2.7,202.0,0.9803,0.9955,1.0951,1.0799,1
128.0,ln05,2.7,303.0,0.9787,0.9955,1.0924,1.0733,1
128.0,ln05,4.3,101.0,0.9851,0.9976,1.1024,1.0867,1
128.0,ln05,4.3,202.0,0.9803,0.9976,1.0941,1.0762,1
128.0,ln05,4.3,303.0,0.9793,0.9976,1.0934,1.0724,1
128.0,ln1,1.3,101.0,0.9645,0.978,1.0771,1.0666,1
128.0,ln1,1.3,202.0,0.9877,0.9777,1.141,1.1615,1
128.0,ln1,1.3,303.0,0.9842,0.9783,1.2078,1.2178,1
128.0,ln1,2.7,101.0,0.9788,0.9955,1.1086,1.0899,1
128.0,ln1,2.7,202.0,0.9857,0.9954,1.1348,1.1285,1
128.0,ln1,2.7,303.0,0.9779,0.9955,1.1012,1.084,1
128.0,ln1,4.3,101.0,0.9767,0.9976,1.1218,1.0984,1
128.0,ln1,4.3,202.0,0.9919,0.9976,1.1669,1.1663,1
128.0,ln1,4.3,303.0,0.9894,0.9976,1.2024,1.1942,1
128.0,ln15,1.3,101.0,0.9114,0.9777,1.1467,1.0834,0
128.0,ln15,1.3,202.0,0.8948,0.9775,1.4378,1.3178,0
128.0,ln15,1.3,303.0,0.8383,0.9779,1.0338,0.8899,0
128.0,ln15,2.7,101.0,0.8748,0.9955,1.0726,0.9561,0
128.0,ln15,2.7,202.0,0.9601,0.9954,1.1606,1.1321,1
128.0,ln15,2.7,303.0,0.7998,0.9954,1.0401,0.8431,0
128.0,ln15,4.3,101.0,0.7932,0.9977,1.1062,0.8967,0
128.0,ln15,4.3,202.0,0.868,0.9976,1.0737,0.9409,0
128.0,ln15,4.3,303.0,0.59,0.9976,0.9895,0.5916,0
128.0,par25,1.3,101.0,0.9816,0.9779,1.1069,1.1131,1
128.0,par25,1.3,202.0,0.9817,0.9782,1.1097,1.118,1
128.0,par25,1.3,303.0,0.9897,0.978,1.1449,1.1625,1
128.0,par25,2.7,101.0,0.9846,0.9955,1.1192,1.1075,1
128.0,par25,2.7,202.0,0.9879,0.9955,1.1035,1.0975,1
128.0,par25,2.7,303.0,0.9747,0.9954,1.0946,1.074,1
128.0,par25,4.3,101.0,0.9761,0.9976,1.0893,1.067,1
128.0,par25,4.3,202.0,0.983,0.9977,1.1049,1.0908,1
128.0,par25,4.3,303.0,0.9768,0.9976,1.0902,1.0697,1
